Temp,Alpha
80.01,1.63E-07
80.03,8.71E-07
80.05,1.99E-06
80.06,3.38E-06
80.08,4.90E-06
80.1,6.66E-06
80.11,8.99E-06
80.13,1.20E-05
80.15,1.56E-05
80.16,2.01E-05
80.18,2.55E-05
80.2,3.20E-05
80.21,3.94E-05
80.23,4.73E-05
80.24,5.51E-05
80.26,6.24E-05
80.28,6.94E-05
80.29,7.62E-05
80.31,8.27E-05
80.33,8.89E-05
80.34,9.50E-05
80.36,1.01E-04
80.38,1.08E-04
80.39,1.15E-04
80.41,1.23E-04
80.43,1.31E-04
80.44,1.40E-04
80.46,1.48E-04
80.48,1.56E-04
80.49,1.64E-04
80.51,1.72E-04
80.53,1.80E-04
80.55,1.89E-04
80.56,1.98E-04
80.58,2.09E-04
80.59,2.20E-04
80.61,2.32E-04
80.63,2.45E-04
80.65,2.58E-04
80.66,2.72E-04
80.68,2.86E-04
80.69,3.00E-04
80.71,3.14E-04
80.73,3.29E-04
80.74,3.43E-04
80.76,3.58E-04
80.78,3.73E-04
80.79,3.87E-04
80.81,4.02E-04
80.83,4.18E-04
80.84,4.34E-04
80.86,4.51E-04
80.88,4.68E-04
80.89,4.86E-04
80.91,5.05E-04
80.93,5.23E-04
80.95,5.43E-04
80.96,5.62E-04
80.98,5.82E-04
81,6.03E-04
81.01,6.24E-04
81.03,6.45E-04
81.04,6.67E-04
81.06,6.90E-04
81.08,7.12E-04
81.1,7.35E-04
81.11,7.58E-04
81.13,7.80E-04
81.15,8.02E-04
81.16,8.24E-04
81.18,8.46E-04
81.2,8.69E-04
81.21,8.92E-04
81.23,9.17E-04
81.25,9.42E-04
81.26,9.67E-04
81.28,9.92E-04
81.3,1.02E-03
81.31,1.04E-03
81.33,1.07E-03
81.35,1.09E-03
81.36,1.12E-03
81.38,1.14E-03
81.4,1.17E-03
81.41,1.20E-03
81.43,1.23E-03
81.45,1.26E-03
81.46,1.29E-03
81.48,1.32E-03
81.5,1.35E-03
81.51,1.38E-03
81.53,1.41E-03
81.55,1.44E-03
81.56,1.47E-03
81.58,1.51E-03
81.6,1.54E-03
81.61,1.57E-03
81.63,1.61E-03
81.65,1.64E-03
81.66,1.68E-03
81.68,1.72E-03
81.7,1.75E-03
81.71,1.79E-03
81.73,1.83E-03
81.75,1.86E-03
81.76,1.90E-03
81.78,1.94E-03
81.8,1.98E-03
81.81,2.01E-03
81.83,2.05E-03
81.85,2.09E-03
81.86,2.13E-03
81.88,2.18E-03
81.9,2.22E-03
81.91,2.26E-03
81.93,2.31E-03
81.95,2.36E-03
81.96,2.41E-03
81.98,2.45E-03
82,2.50E-03
82.01,2.55E-03
82.03,2.60E-03
82.05,2.65E-03
82.06,2.70E-03
82.08,2.75E-03
82.1,2.80E-03
82.11,2.85E-03
82.13,2.90E-03
82.15,2.95E-03
82.16,3.00E-03
82.18,3.05E-03
82.2,3.10E-03
82.21,3.15E-03
82.23,3.20E-03
82.25,3.25E-03
82.26,3.30E-03
82.28,3.35E-03
82.3,3.40E-03
82.31,3.45E-03
82.33,3.50E-03
82.35,3.55E-03
82.36,3.61E-03
82.38,3.66E-03
82.4,3.71E-03
82.41,3.76E-03
82.43,3.81E-03
82.45,3.86E-03
82.46,3.91E-03
82.48,3.96E-03
82.5,4.01E-03
82.51,4.06E-03
82.53,4.12E-03
82.55,4.17E-03
82.56,4.23E-03
82.58,4.28E-03
82.6,4.34E-03
82.61,4.40E-03
82.63,4.45E-03
82.65,4.51E-03
82.66,4.57E-03
82.68,4.63E-03
82.7,4.69E-03
82.71,4.75E-03
82.73,4.81E-03
82.75,4.87E-03
82.76,4.93E-03
82.78,4.99E-03
82.8,5.06E-03
82.81,5.12E-03
82.83,5.18E-03
82.85,5.24E-03
82.86,5.30E-03
82.88,5.36E-03
82.9,5.42E-03
82.91,5.49E-03
82.93,5.55E-03
82.95,5.61E-03
82.96,5.68E-03
82.98,5.75E-03
83,5.82E-03
83.01,5.88E-03
83.03,5.95E-03
83.05,6.02E-03
83.06,6.09E-03
83.08,6.16E-03
83.1,6.23E-03
83.11,6.30E-03
83.13,6.37E-03
83.15,6.44E-03
83.16,6.51E-03
83.18,6.57E-03
83.2,6.64E-03
83.21,6.71E-03
83.23,6.78E-03
83.25,6.85E-03
83.26,6.92E-03
83.28,6.99E-03
83.3,7.06E-03
83.31,7.13E-03
83.33,7.20E-03
83.35,7.27E-03
83.36,7.34E-03
83.38,7.41E-03
83.4,7.48E-03
83.41,7.55E-03
83.43,7.62E-03
83.45,7.69E-03
83.46,7.76E-03
83.48,7.84E-03
83.5,7.91E-03
83.51,7.99E-03
83.53,8.06E-03
83.55,8.14E-03
83.56,8.22E-03
83.58,8.30E-03
83.6,8.37E-03
83.61,8.45E-03
83.63,8.54E-03
83.65,8.62E-03
83.66,8.70E-03
83.68,8.79E-03
83.7,8.87E-03
83.71,8.96E-03
83.73,9.04E-03
83.75,9.13E-03
83.76,9.22E-03
83.78,9.30E-03
83.8,9.39E-03
83.81,9.48E-03
83.83,9.57E-03
83.85,9.65E-03
83.86,9.74E-03
83.88,9.83E-03
83.9,9.92E-03
83.91,0.010003
83.93,0.010092
83.95,0.01018
83.96,0.01027
83.98,0.01036
84,0.010451
84.01,0.010542
84.03,0.010633
84.05,0.010724
84.06,0.010816
84.08,0.010908
84.1,0.011001
84.11,0.011095
84.13,0.011189
84.15,0.011284
84.17,0.011381
84.18,0.011478
84.2,0.011576
84.22,0.011675
84.23,0.011776
84.25,0.011877
84.26,0.011979
84.28,0.012082
84.3,0.012185
84.31,0.012288
84.33,0.012391
84.35,0.012494
84.37,0.012596
84.38,0.012698
84.4,0.012801
84.41,0.012904
84.43,0.013008
84.45,0.013112
84.47,0.013216
84.48,0.01332
84.5,0.013424
84.51,0.013528
84.53,0.013633
84.55,0.013738
84.56,0.013845
84.58,0.013951
84.6,0.014059
84.62,0.014167
84.63,0.014275
84.65,0.014384
84.67,0.014493
84.68,0.014603
84.7,0.014713
84.71,0.014823
84.73,0.014934
84.75,0.015045
84.76,0.015157
84.78,0.015269
84.8,0.015382
84.81,0.015495
84.83,0.01561
84.85,0.015725
84.87,0.015841
84.88,0.015958
84.9,0.016075
84.91,0.016194
84.93,0.016313
84.95,0.016432
84.97,0.016552
84.98,0.016672
85,0.016792
85.02,0.016912
85.03,0.017033
85.05,0.017153
85.06,0.017273
85.08,0.017394
85.1,0.017515
85.12,0.017637
85.13,0.017759
85.15,0.017882
85.17,0.018006
85.18,0.01813
85.2,0.018255
85.21,0.01838
85.23,0.018506
85.25,0.018633
85.26,0.018761
85.28,0.018889
85.3,0.019017
85.32,0.019145
85.33,0.019274
85.35,0.019404
85.37,0.019534
85.38,0.019664
85.4,0.019795
85.42,0.019927
85.43,0.020059
85.45,0.020192
85.47,0.020326
85.48,0.02046
85.5,0.020595
85.52,0.02073
85.53,0.020866
85.55,0.021002
85.57,0.021138
85.58,0.021276
85.6,0.021414
85.62,0.021552
85.63,0.021692
85.65,0.021833
85.67,0.021976
85.68,0.022119
85.7,0.022264
85.72,0.02241
85.73,0.022556
85.75,0.022703
85.77,0.02285
85.78,0.022997
85.8,0.023143
85.82,0.02329
85.83,0.023436
85.85,0.023584
85.87,0.023732
85.88,0.023881
85.9,0.024031
85.92,0.024181
85.93,0.024332
85.95,0.024482
85.97,0.024633
85.98,0.024784
86,0.024936
86.02,0.025087
86.03,0.025238
86.05,0.025391
86.07,0.025544
86.08,0.025697
86.1,0.025851
86.12,0.026006
86.13,0.02616
86.15,0.026316
86.17,0.026472
86.18,0.026628
86.2,0.026785
86.22,0.026942
86.23,0.0271
86.25,0.027258
86.27,0.027418
86.28,0.027579
86.3,0.027741
86.32,0.027904
86.33,0.028067
86.35,0.028232
86.37,0.028396
86.38,0.028562
86.4,0.028727
86.42,0.028893
86.43,0.029058
86.45,0.029224
86.47,0.02939
86.48,0.029556
86.5,0.029723
86.52,0.02989
86.53,0.030058
86.55,0.030227
86.57,0.030397
86.58,0.030567
86.6,0.030738
86.62,0.030909
86.63,0.03108
86.65,0.031251
86.67,0.031423
86.68,0.031595
86.7,0.031768
86.72,0.031942
86.73,0.032116
86.75,0.032291
86.77,0.032468
86.78,0.032646
86.8,0.032826
86.82,0.033007
86.83,0.03319
86.85,0.033373
86.87,0.033558
86.89,0.033742
86.9,0.033927
86.92,0.034112
86.93,0.034297
86.95,0.034482
86.97,0.034667
86.98,0.034853
87,0.03504
87.02,0.035227
87.03,0.035415
87.05,0.035605
87.07,0.035795
87.08,0.035986
87.1,0.036177
87.12,0.036369
87.13,0.036562
87.15,0.036755
87.17,0.036949
87.18,0.037144
87.2,0.03734
87.22,0.037537
87.23,0.037735
87.25,0.037933
87.27,0.038131
87.28,0.03833
87.3,0.038529
87.32,0.038728
87.34,0.038929
87.35,0.039131
87.37,0.039336
87.38,0.039543
87.4,0.039751
87.42,0.039962
87.43,0.040173
87.45,0.040386
87.47,0.040601
87.48,0.040816
87.5,0.041032
87.52,0.041248
87.53,0.041465
87.55,0.041683
87.57,0.041902
87.58,0.042122
87.6,0.042342
87.62,0.042562
87.63,0.042783
87.65,0.043004
87.67,0.043225
87.68,0.043446
87.7,0.043668
87.72,0.043891
87.73,0.044114
87.75,0.044339
87.77,0.044564
87.78,0.04479
87.8,0.045016
87.82,0.045242
87.84,0.045469
87.85,0.045697
87.87,0.045926
87.88,0.046154
87.9,0.046384
87.92,0.046614
87.94,0.046844
87.95,0.047076
87.97,0.047308
87.98,0.047541
88,0.047774
88.02,0.048007
88.03,0.04824
88.05,0.048475
88.07,0.048711
88.08,0.048947
88.1,0.049184
88.12,0.049422
88.13,0.049662
88.15,0.049903
88.17,0.050145
88.18,0.050388
88.2,0.050633
88.22,0.050879
88.23,0.051126
88.25,0.051374
88.27,0.051623
88.28,0.051872
88.3,0.052122
88.32,0.052372
88.34,0.052622
88.35,0.052873
88.37,0.053125
88.39,0.053377
88.4,0.05363
88.42,0.053883
88.43,0.054138
88.45,0.054393
88.47,0.05465
88.49,0.054909
88.5,0.055169
88.52,0.055431
88.54,0.055695
88.55,0.05596
88.57,0.056225
88.58,0.056492
88.6,0.056759
88.62,0.057027
88.64,0.057295
88.65,0.057563
88.67,0.057833
88.69,0.058103
88.7,0.058373
88.72,0.058644
88.74,0.058915
88.75,0.059187
88.77,0.059459
88.78,0.059731
88.8,0.060004
88.82,0.060279
88.84,0.060554
88.85,0.060832
88.87,0.06111
88.89,0.06139
88.9,0.061671
88.92,0.061954
88.94,0.062238
88.95,0.062522
88.97,0.062808
88.99,0.063094
89,0.06338
89.02,0.063668
89.04,0.063955
89.05,0.064243
89.07,0.064532
89.09,0.064821
89.1,0.065109
89.12,0.065398
89.14,0.065686
89.15,0.065976
89.17,0.066266
89.19,0.066558
89.2,0.066851
89.22,0.067145
89.24,0.067441
89.25,0.067737
89.27,0.068035
89.29,0.068333
89.3,0.068631
89.32,0.06893
89.34,0.069228
89.35,0.069527
89.37,0.069826
89.39,0.070126
89.4,0.070427
89.42,0.070729
89.44,0.071033
89.45,0.071338
89.47,0.071644
89.49,0.071952
89.5,0.072262
89.52,0.072573
89.54,0.072885
89.55,0.073198
89.57,0.073512
89.59,0.073828
89.6,0.074145
89.62,0.074462
89.64,0.07478
89.65,0.075099
89.67,0.075419
89.69,0.075739
89.7,0.076061
89.72,0.076384
89.74,0.076707
89.75,0.077031
89.77,0.077355
89.79,0.07768
89.8,0.078005
89.82,0.078329
89.83,0.078654
89.85,0.078979
89.87,0.079305
89.89,0.079633
89.9,0.079962
89.92,0.080292
89.94,0.080624
89.95,0.080957
89.97,0.081291
89.98,0.081626
90,0.081961
90.02,0.082298
90.04,0.082634
90.05,0.082972
90.07,0.083311
90.09,0.08365
90.1,0.083989
90.12,0.08433
90.13,0.084671
90.15,0.085013
90.17,0.085356
90.19,0.0857
90.2,0.086046
90.22,0.086393
90.24,0.086742
90.25,0.087093
90.27,0.087445
90.29,0.087799
90.3,0.088153
90.32,0.088509
90.34,0.088866
90.35,0.089223
90.37,0.089582
90.39,0.089941
90.4,0.090302
90.42,0.090663
90.44,0.091024
90.45,0.091386
90.47,0.091748
90.49,0.092112
90.5,0.092478
90.52,0.092846
90.54,0.093216
90.55,0.093588
90.57,0.093962
90.59,0.094338
90.6,0.094715
90.62,0.095093
90.64,0.095472
90.65,0.095853
90.67,0.096234
90.69,0.096616
90.7,0.097
90.72,0.097385
90.74,0.097772
90.75,0.09816
90.77,0.098549
90.79,0.09894
90.8,0.099331
90.82,0.099723
90.84,0.10012
90.85,0.10051
90.87,0.1009
90.89,0.10129
90.9,0.10169
90.92,0.10208
90.94,0.10248
90.95,0.10287
90.97,0.10327
90.99,0.10367
91,0.10407
91.02,0.10447
91.04,0.10487
91.05,0.10527
91.07,0.10568
91.09,0.10608
91.1,0.10648
91.12,0.10689
91.14,0.1073
91.15,0.1077
91.17,0.10812
91.19,0.10853
91.2,0.10894
91.22,0.10936
91.24,0.10978
91.25,0.1102
91.27,0.11062
91.29,0.11104
91.3,0.11146
91.32,0.11188
91.34,0.11231
91.35,0.11273
91.37,0.11316
91.39,0.11359
91.4,0.11402
91.42,0.11446
91.44,0.11489
91.45,0.11533
91.47,0.11577
91.49,0.11621
91.5,0.11665
91.52,0.1171
91.54,0.11754
91.55,0.11799
91.57,0.11844
91.59,0.11889
91.6,0.11934
91.62,0.11979
91.64,0.12024
91.65,0.1207
91.67,0.12116
91.69,0.12161
91.7,0.12207
91.72,0.12253
91.74,0.123
91.76,0.12346
91.77,0.12392
91.79,0.12439
91.8,0.12486
91.82,0.12532
91.84,0.12579
91.85,0.12626
91.87,0.12673
91.89,0.1272
91.9,0.12767
91.92,0.12815
91.94,0.12862
91.95,0.1291
91.97,0.12958
91.99,0.13006
92.01,0.13055
92.02,0.13103
92.04,0.13152
92.05,0.132
92.07,0.13249
92.09,0.13297
92.1,0.13346
92.12,0.13395
92.14,0.13444
92.15,0.13493
92.17,0.13542
92.19,0.13592
92.2,0.13641
92.22,0.1369
92.24,0.1374
92.25,0.1379
92.27,0.13839
92.29,0.13889
92.3,0.13939
92.32,0.13989
92.34,0.1404
92.35,0.1409
92.37,0.1414
92.39,0.14191
92.4,0.14241
92.42,0.14292
92.44,0.14342
92.45,0.14393
92.47,0.14444
92.49,0.14495
92.5,0.14546
92.52,0.14597
92.54,0.14648
92.56,0.147
92.57,0.14751
92.59,0.14803
92.61,0.14855
92.62,0.14907
92.64,0.1496
92.65,0.15012
92.67,0.15065
92.69,0.15117
92.71,0.1517
92.72,0.15223
92.74,0.15276
92.75,0.1533
92.77,0.15383
92.79,0.15437
92.8,0.1549
92.82,0.15544
92.84,0.15598
92.86,0.15653
92.87,0.15707
92.89,0.15761
92.91,0.15816
92.92,0.15871
92.94,0.15925
92.95,0.1598
92.97,0.16035
92.99,0.16091
93,0.16146
93.02,0.16201
93.04,0.16257
93.06,0.16313
93.07,0.16369
93.09,0.16425
93.1,0.16481
93.12,0.16538
93.14,0.16594
93.15,0.16651
93.17,0.16708
93.19,0.16764
93.21,0.16821
93.22,0.16879
93.24,0.16936
93.25,0.16993
93.27,0.17051
93.29,0.17109
93.3,0.17167
93.32,0.17225
93.34,0.17284
93.36,0.17342
93.37,0.17401
93.39,0.17459
93.41,0.17518
93.42,0.17577
93.44,0.17636
93.46,0.17696
93.47,0.17755
93.49,0.17815
93.51,0.17875
93.52,0.17934
93.54,0.17994
93.56,0.18054
93.57,0.18114
93.59,0.18174
93.61,0.18234
93.62,0.18295
93.64,0.18355
93.66,0.18415
93.67,0.18476
93.69,0.18536
93.71,0.18597
93.72,0.18658
93.74,0.18719
93.76,0.1878
93.77,0.18841
93.79,0.18903
93.81,0.18965
93.82,0.19026
93.84,0.19088
93.86,0.1915
93.87,0.19212
93.89,0.19274
93.91,0.19336
93.92,0.19399
93.94,0.19461
93.96,0.19524
93.97,0.19587
93.99,0.1965
94.01,0.19713
94.02,0.19776
94.04,0.19839
94.06,0.19903
94.07,0.19966
94.09,0.2003
94.11,0.20094
94.12,0.20159
94.14,0.20223
94.16,0.20288
94.17,0.20352
94.19,0.20417
94.21,0.20482
94.22,0.20547
94.24,0.20612
94.26,0.20677
94.27,0.20743
94.29,0.20808
94.31,0.20874
94.32,0.2094
94.34,0.21006
94.36,0.21072
94.37,0.21138
94.39,0.21204
94.41,0.21271
94.42,0.21337
94.44,0.21404
94.46,0.21471
94.47,0.21538
94.49,0.21605
94.51,0.21673
94.52,0.2174
94.54,0.21808
94.56,0.21876
94.57,0.21944
94.59,0.22012
94.61,0.2208
94.62,0.22149
94.64,0.22217
94.66,0.22286
94.67,0.22355
94.69,0.22424
94.71,0.22493
94.72,0.22562
94.74,0.22632
94.76,0.22701
94.77,0.22771
94.79,0.2284
94.81,0.2291
94.82,0.2298
94.84,0.23051
94.86,0.23121
94.87,0.23192
94.89,0.23262
94.91,0.23333
94.92,0.23404
94.94,0.23475
94.96,0.23547
94.97,0.23618
94.99,0.23689
95.01,0.23761
95.02,0.23833
95.04,0.23905
95.06,0.23977
95.07,0.2405
95.09,0.24122
95.11,0.24194
95.12,0.24267
95.14,0.2434
95.16,0.24413
95.17,0.24486
95.19,0.2456
95.21,0.24634
95.22,0.24708
95.24,0.24782
95.26,0.24857
95.27,0.24931
95.29,0.25006
95.31,0.25081
95.32,0.25156
95.34,0.25231
95.36,0.25307
95.37,0.25382
95.39,0.25458
95.41,0.25533
95.42,0.25609
95.44,0.25685
95.46,0.25761
95.47,0.25837
95.49,0.25914
95.51,0.2599
95.52,0.26067
95.54,0.26144
95.56,0.26221
95.57,0.26298
95.59,0.26375
95.61,0.26453
95.62,0.26531
95.64,0.26609
95.66,0.26687
95.67,0.26765
95.69,0.26844
95.71,0.26923
95.72,0.27002
95.74,0.27081
95.76,0.2716
95.77,0.2724
95.79,0.27319
95.81,0.27399
95.82,0.27479
95.84,0.27558
95.86,0.27638
95.87,0.27719
95.89,0.27799
95.91,0.27879
95.92,0.2796
95.94,0.28041
95.96,0.28122
95.97,0.28203
95.99,0.28284
96.01,0.28366
96.02,0.28447
96.04,0.28529
96.06,0.28611
96.07,0.28693
96.09,0.28775
96.11,0.28857
96.12,0.28939
96.14,0.29022
96.16,0.29104
96.17,0.29187
96.19,0.2927
96.21,0.29354
96.22,0.29437
96.24,0.29521
96.26,0.29605
96.27,0.29688
96.29,0.29773
96.31,0.29857
96.32,0.29941
96.34,0.30026
96.36,0.30111
96.37,0.30196
96.39,0.30281
96.41,0.30366
96.42,0.30452
96.44,0.30538
96.46,0.30624
96.47,0.3071
96.49,0.30796
96.51,0.30882
96.52,0.30969
96.54,0.31056
96.56,0.31143
96.57,0.3123
96.59,0.31317
96.61,0.31405
96.62,0.31493
96.64,0.31581
96.66,0.31669
96.68,0.31757
96.69,0.31846
96.71,0.31934
96.73,0.32023
96.74,0.32112
96.76,0.32201
96.77,0.32291
96.79,0.3238
96.81,0.3247
96.82,0.3256
96.84,0.3265
96.86,0.3274
96.87,0.32831
96.89,0.32921
96.91,0.33012
96.93,0.33103
96.94,0.33195
96.96,0.33286
96.98,0.33378
96.99,0.33469
97.01,0.33561
97.02,0.33653
97.04,0.33746
97.06,0.33838
97.08,0.33931
97.09,0.34023
97.11,0.34116
97.13,0.34209
97.14,0.34303
97.16,0.34396
97.17,0.3449
97.19,0.34584
97.21,0.34679
97.23,0.34773
97.24,0.34868
97.26,0.34962
97.28,0.35057
97.29,0.35152
97.31,0.35247
97.32,0.35342
97.34,0.35438
97.36,0.35533
97.38,0.35629
97.39,0.35725
97.41,0.35821
97.42,0.35918
97.44,0.36014
97.46,0.36111
97.48,0.36208
97.49,0.36306
97.51,0.36403
97.53,0.36501
97.54,0.36599
97.56,0.36697
97.58,0.36796
97.59,0.36894
97.61,0.36992
97.63,0.37091
97.64,0.3719
97.66,0.37289
97.68,0.37389
97.69,0.37488
97.71,0.37588
97.73,0.37687
97.74,0.37787
97.76,0.37888
97.78,0.37988
97.79,0.38088
97.81,0.38189
97.83,0.3829
97.84,0.38391
97.86,0.38492
97.88,0.38594
97.89,0.38695
97.91,0.38797
97.93,0.38899
97.94,0.39001
97.96,0.39104
97.98,0.39207
97.99,0.3931
98.01,0.39413
98.03,0.39516
98.04,0.3962
98.06,0.39724
98.08,0.39828
98.09,0.39933
98.11,0.40037
98.13,0.40142
98.14,0.40247
98.16,0.40352
98.18,0.40457
98.19,0.40562
98.21,0.40668
98.23,0.40774
98.24,0.4088
98.26,0.40986
98.28,0.41092
98.29,0.41198
98.31,0.41305
98.33,0.41412
98.34,0.41519
98.36,0.41626
98.38,0.41734
98.39,0.41842
98.41,0.4195
98.43,0.42058
98.44,0.42167
98.46,0.42276
98.48,0.42385
98.49,0.42494
98.51,0.42603
98.53,0.42712
98.54,0.42822
98.56,0.42931
98.58,0.43041
98.59,0.43151
98.61,0.43261
98.63,0.43371
98.64,0.43482
98.66,0.43592
98.68,0.43703
98.69,0.43814
98.71,0.43926
98.73,0.44037
98.74,0.44149
98.76,0.44261
98.78,0.44373
98.79,0.44485
98.81,0.44598
98.83,0.44711
98.84,0.44824
98.86,0.44937
98.88,0.4505
98.89,0.45164
98.91,0.45277
98.93,0.45391
98.94,0.45505
98.96,0.45619
98.98,0.45734
98.99,0.45848
99.01,0.45963
99.03,0.46078
99.04,0.46193
99.06,0.46308
99.08,0.46423
99.09,0.46539
99.11,0.46654
99.13,0.4677
99.14,0.46886
99.16,0.47002
99.18,0.47118
99.19,0.47234
99.21,0.4735
99.23,0.47467
99.24,0.47584
99.26,0.47701
99.28,0.47818
99.29,0.47936
99.31,0.48053
99.33,0.48172
99.34,0.4829
99.36,0.48408
99.38,0.48527
99.39,0.48646
99.41,0.48765
99.43,0.48884
99.44,0.49003
99.46,0.49122
99.48,0.49241
99.49,0.49361
99.51,0.49481
99.53,0.49601
99.54,0.49721
99.56,0.49842
99.58,0.49963
99.59,0.50084
99.61,0.50205
99.63,0.50327
99.64,0.50448
99.66,0.5057
99.68,0.50692
99.69,0.50815
99.71,0.50937
99.73,0.5106
99.74,0.51183
99.76,0.51306
99.78,0.51429
99.79,0.51553
99.81,0.51677
99.83,0.51802
99.84,0.51926
99.86,0.52051
99.88,0.52176
99.89,0.52301
99.91,0.52426
99.93,0.52552
99.94,0.52678
99.96,0.52804
99.98,0.5293
99.99,0.53056
100.01,0.53183
100.03,0.5331
100.04,0.53436
100.06,0.53564
100.08,0.53691
100.09,0.53818
100.11,0.53946
100.13,0.54074
100.14,0.54202
100.16,0.5433
100.18,0.54459
100.19,0.54587
100.21,0.54716
100.23,0.54846
100.24,0.54975
100.26,0.55105
100.28,0.55235
100.3,0.55365
100.31,0.55495
100.33,0.55626
100.35,0.55757
100.36,0.55888
100.38,0.5602
100.39,0.56151
100.41,0.56283
100.43,0.56415
100.45,0.56547
100.46,0.5668
100.48,0.56812
100.5,0.56945
100.51,0.57078
100.53,0.57212
100.54,0.57345
100.56,0.57479
100.58,0.57613
100.6,0.57747
100.61,0.57881
100.63,0.58016
100.64,0.58151
100.66,0.58286
100.68,0.58421
100.69,0.58557
100.71,0.58692
100.73,0.58828
100.74,0.58964
100.76,0.59101
100.78,0.59237
100.79,0.59374
100.81,0.59511
100.83,0.59648
100.84,0.59786
100.86,0.59924
100.88,0.60062
100.89,0.602
100.91,0.60339
100.93,0.60477
100.95,0.60616
100.96,0.60755
100.98,0.60894
101,0.61033
101.01,0.61173
101.03,0.61312
101.05,0.61452
101.06,0.61592
101.08,0.61732
101.1,0.61872
101.11,0.62013
101.13,0.62154
101.15,0.62295
101.16,0.62436
101.18,0.62578
101.2,0.6272
101.21,0.62863
101.23,0.63005
101.25,0.63148
101.26,0.63291
101.28,0.63435
101.29,0.63578
101.31,0.63722
101.33,0.63866
101.35,0.6401
101.36,0.64155
101.38,0.643
101.4,0.64445
101.41,0.6459
101.43,0.64736
101.45,0.64881
101.46,0.65027
101.48,0.65174
101.5,0.65321
101.51,0.65468
101.53,0.65615
101.55,0.65762
101.56,0.6591
101.58,0.66058
101.6,0.66207
101.61,0.66355
101.63,0.66504
101.65,0.66653
101.66,0.66802
101.68,0.66952
101.7,0.67102
101.71,0.67251
101.73,0.67402
101.75,0.67552
101.76,0.67703
101.78,0.67854
101.8,0.68006
101.81,0.68158
101.83,0.6831
101.85,0.68462
101.86,0.68614
101.88,0.68767
101.9,0.6892
101.91,0.69073
101.93,0.69226
101.95,0.6938
101.96,0.69534
101.98,0.69688
102,0.69842
102.01,0.69997
102.03,0.70152
102.05,0.70307
102.06,0.70463
102.08,0.70618
102.1,0.70774
102.11,0.7093
102.13,0.71087
102.15,0.71243
102.16,0.714
102.18,0.71557
102.2,0.71714
102.21,0.71872
102.23,0.7203
102.25,0.72188
102.26,0.72347
102.28,0.72506
102.3,0.72665
102.31,0.72825
102.33,0.72985
102.35,0.73145
102.36,0.73306
102.38,0.73466
102.4,0.73627
102.41,0.73788
102.43,0.73949
102.45,0.74111
102.46,0.74272
102.48,0.74434
102.5,0.74597
102.51,0.74759
102.53,0.74922
102.55,0.75085
102.56,0.75248
102.58,0.75411
102.6,0.75575
102.61,0.7574
102.63,0.75904
102.65,0.76069
102.66,0.76234
102.68,0.764
102.7,0.76566
102.71,0.76732
102.73,0.76898
102.75,0.77065
102.76,0.77232
102.78,0.77399
102.8,0.77566
102.81,0.77734
102.83,0.77902
102.85,0.7807
102.86,0.78239
102.88,0.78408
102.9,0.78577
102.91,0.78746
102.93,0.78916
102.95,0.79086
102.96,0.79256
102.98,0.79427
103,0.79598
103.01,0.7977
103.03,0.79942
103.05,0.80113
103.06,0.80286
103.08,0.80458
103.1,0.80631
103.11,0.80804
103.13,0.80977
103.15,0.81151
103.16,0.81325
103.18,0.81499
103.2,0.81674
103.21,0.81849
103.23,0.82024
103.25,0.822
103.26,0.82375
103.28,0.82552
103.3,0.82728
103.31,0.82905
103.33,0.83082
103.35,0.8326
103.36,0.83438
103.38,0.83616
103.4,0.83794
103.41,0.83973
103.43,0.84152
103.45,0.84332
103.46,0.84512
103.48,0.84692
103.5,0.84872
103.51,0.85053
103.53,0.85234
103.55,0.85415
103.56,0.85596
103.58,0.85778
103.6,0.8596
103.61,0.86142
103.63,0.86325
103.65,0.86508
103.66,0.86691
103.68,0.86874
103.7,0.87058
103.71,0.87242
103.73,0.87426
103.75,0.8761
103.76,0.87795
103.78,0.8798
103.8,0.88166
103.81,0.88351
103.83,0.88538
103.85,0.88724
103.86,0.88911
103.88,0.89098
103.9,0.89285
103.91,0.89473
103.93,0.89661
103.95,0.89849
103.96,0.90037
103.98,0.90226
104,0.90415
104.01,0.90604
104.03,0.90794
104.05,0.90984
104.06,0.91174
104.08,0.91365
104.1,0.91556
104.12,0.91747
104.13,0.91939
104.15,0.92131
104.16,0.92323
104.18,0.92516
104.2,0.92709
104.21,0.92903
104.23,0.93096
104.25,0.9329
104.26,0.93484
104.28,0.93679
104.3,0.93873
104.32,0.94068
104.33,0.94264
104.35,0.94459
104.37,0.94655
104.38,0.94851
104.4,0.95047
104.41,0.95244
104.43,0.95441
104.45,0.95638
104.46,0.95835
104.48,0.96033
104.5,0.96231
104.51,0.96429
104.53,0.96628
104.55,0.96826
104.56,0.97026
104.58,0.97225
104.6,0.97425
104.62,0.97625
104.63,0.97826
104.65,0.98027
104.66,0.98228
104.68,0.9843
104.7,0.98632
104.71,0.98834
104.73,0.99037
104.75,0.9924
104.77,0.99443
104.78,0.99647
104.8,0.99851
104.82,1.0006
104.83,1.0026
104.85,1.0047
104.86,1.0067
104.88,1.0088
104.9,1.0108
104.92,1.0129
104.93,1.015
104.95,1.017
104.97,1.0191
104.98,1.0212
105,1.0233
105.01,1.0254
105.03,1.0274
105.05,1.0295
105.07,1.0316
105.08,1.0337
105.1,1.0358
105.11,1.0379
105.13,1.04
105.15,1.0421
105.16,1.0442
105.18,1.0464
105.2,1.0485
105.22,1.0506
105.23,1.0527
105.25,1.0549
105.27,1.057
105.28,1.0591
105.3,1.0613
105.32,1.0634
105.33,1.0656
105.35,1.0677
105.37,1.0699
105.38,1.072
105.4,1.0742
105.41,1.0763
105.43,1.0785
105.45,1.0807
105.46,1.0828
105.48,1.085
105.5,1.0872
105.52,1.0894
105.53,1.0916
105.55,1.0938
105.57,1.0959
105.58,1.0981
105.6,1.1003
105.61,1.1026
105.63,1.1048
105.65,1.107
105.67,1.1092
105.68,1.1114
105.7,1.1136
105.72,1.1158
105.73,1.1181
105.75,1.1203
105.77,1.1225
105.78,1.1248
105.8,1.127
105.82,1.1292
105.83,1.1315
105.85,1.1337
105.87,1.136
105.88,1.1382
105.9,1.1405
105.92,1.1428
105.93,1.145
105.95,1.1473
105.97,1.1496
105.98,1.1518
106,1.1541
106.02,1.1564
106.03,1.1587
106.05,1.161
106.07,1.1633
106.08,1.1656
106.1,1.1679
106.12,1.1702
106.13,1.1725
106.15,1.1748
106.17,1.1771
106.18,1.1794
106.2,1.1817
106.22,1.1841
106.23,1.1864
106.25,1.1887
106.27,1.1911
106.28,1.1934
106.3,1.1958
106.32,1.1981
106.33,1.2005
106.35,1.2028
106.37,1.2052
106.38,1.2075
106.4,1.2099
106.42,1.2123
106.43,1.2146
106.45,1.217
106.47,1.2194
106.48,1.2218
106.5,1.2241
106.52,1.2265
106.53,1.2289
106.55,1.2313
106.57,1.2337
106.58,1.2361
106.6,1.2385
106.62,1.2409
106.63,1.2434
106.65,1.2458
106.67,1.2482
106.68,1.2506
106.7,1.253
106.72,1.2555
106.73,1.2579
106.75,1.2604
106.77,1.2628
106.78,1.2652
106.8,1.2677
106.82,1.2702
106.83,1.2726
106.85,1.2751
106.87,1.2775
106.88,1.28
106.9,1.2825
106.92,1.285
106.93,1.2874
106.95,1.2899
106.97,1.2924
106.98,1.2949
107,1.2974
107.02,1.2999
107.03,1.3024
107.05,1.3049
107.07,1.3074
107.08,1.3099
107.1,1.3124
107.12,1.3149
107.13,1.3175
107.15,1.32
107.17,1.3225
107.18,1.3251
107.2,1.3276
107.22,1.3302
107.23,1.3327
107.25,1.3353
107.27,1.3378
107.28,1.3404
107.3,1.3429
107.32,1.3455
107.33,1.3481
107.35,1.3507
107.37,1.3532
107.38,1.3558
107.4,1.3584
107.42,1.361
107.43,1.3636
107.45,1.3662
107.47,1.3688
107.48,1.3714
107.5,1.374
107.52,1.3766
107.53,1.3792
107.55,1.3819
107.57,1.3845
107.58,1.3871
107.6,1.3898
107.62,1.3924
107.63,1.395
107.65,1.3977
107.67,1.4004
107.68,1.403
107.7,1.4057
107.72,1.4083
107.73,1.411
107.75,1.4137
107.77,1.4164
107.78,1.419
107.8,1.4217
107.82,1.4244
107.83,1.4271
107.85,1.4298
107.87,1.4325
107.88,1.4352
107.9,1.4379
107.92,1.4406
107.93,1.4433
107.95,1.446
107.97,1.4488
107.98,1.4515
108,1.4542
108.02,1.4569
108.04,1.4597
108.05,1.4624
108.07,1.4652
108.08,1.4679
108.1,1.4707
108.12,1.4734
108.13,1.4762
108.15,1.479
108.17,1.4817
108.18,1.4845
108.2,1.4873
108.22,1.49
108.24,1.4928
108.25,1.4956
108.27,1.4984
108.29,1.5012
108.3,1.504
108.32,1.5068
108.33,1.5096
108.35,1.5124
108.37,1.5152
108.39,1.5181
108.4,1.5209
108.42,1.5237
108.44,1.5265
108.45,1.5294
108.47,1.5322
108.48,1.5351
108.5,1.5379
108.52,1.5408
108.53,1.5436
108.55,1.5465
108.57,1.5493
108.59,1.5522
108.6,1.5551
108.62,1.558
108.63,1.5609
108.65,1.5637
108.67,1.5666
108.68,1.5695
108.7,1.5724
108.72,1.5753
108.73,1.5783
108.75,1.5812
108.77,1.5841
108.79,1.587
108.8,1.5899
108.82,1.5929
108.84,1.5958
108.85,1.5987
108.87,1.6017
108.89,1.6046
108.9,1.6076
108.92,1.6105
108.94,1.6135
108.95,1.6164
108.97,1.6194
108.99,1.6224
109,1.6253
109.02,1.6283
109.04,1.6313
109.05,1.6343
109.07,1.6373
109.09,1.6403
109.1,1.6433
109.12,1.6463
109.13,1.6493
109.15,1.6523
109.17,1.6553
109.19,1.6583
109.2,1.6613
109.22,1.6644
109.24,1.6674
109.25,1.6704
109.27,1.6735
109.29,1.6765
109.3,1.6796
109.32,1.6826
109.34,1.6857
109.35,1.6888
109.37,1.6918
109.39,1.6949
109.4,1.698
109.42,1.7011
109.44,1.7042
109.45,1.7073
109.47,1.7103
109.49,1.7134
109.5,1.7165
109.52,1.7197
109.54,1.7228
109.55,1.7259
109.57,1.729
109.59,1.7321
109.6,1.7352
109.62,1.7384
109.64,1.7415
109.65,1.7447
109.67,1.7478
109.69,1.751
109.7,1.7541
109.72,1.7573
109.74,1.7604
109.75,1.7636
109.77,1.7668
109.79,1.7699
109.8,1.7731
109.82,1.7763
109.84,1.7795
109.85,1.7827
109.87,1.7859
109.89,1.7891
109.9,1.7923
109.92,1.7955
109.94,1.7988
109.95,1.802
109.97,1.8052
109.99,1.8084
110,1.8117
110.02,1.8149
110.04,1.8182
110.05,1.8214
110.07,1.8247
110.09,1.8279
110.1,1.8312
110.12,1.8345
110.13,1.8377
110.15,1.841
110.17,1.8443
110.19,1.8476
110.2,1.8509
110.22,1.8542
110.24,1.8575
110.25,1.8608
110.27,1.8641
110.29,1.8674
110.3,1.8708
110.32,1.8741
110.34,1.8774
110.35,1.8807
110.37,1.8841
110.39,1.8874
110.4,1.8908
110.42,1.8941
110.44,1.8975
110.45,1.9008
110.47,1.9042
110.49,1.9076
110.5,1.911
110.52,1.9143
110.54,1.9177
110.55,1.9211
110.57,1.9245
110.59,1.9279
110.6,1.9313
110.62,1.9347
110.64,1.9382
110.65,1.9416
110.67,1.945
110.69,1.9484
110.7,1.9519
110.72,1.9553
110.74,1.9588
110.75,1.9622
110.77,1.9657
110.79,1.9691
110.8,1.9726
110.82,1.976
110.84,1.9795
110.85,1.983
110.87,1.9865
110.89,1.99
110.9,1.9935
110.92,1.997
110.94,2.0005
110.95,2.004
110.97,2.0075
110.99,2.011
111,2.0145
111.02,2.018
111.04,2.0216
111.05,2.0251
111.07,2.0286
111.09,2.0322
111.1,2.0357
111.12,2.0393
111.14,2.0428
111.16,2.0464
111.17,2.0499
111.19,2.0535
111.2,2.0571
111.22,2.0607
111.24,2.0642
111.25,2.0678
111.27,2.0714
111.29,2.075
111.3,2.0786
111.32,2.0822
111.34,2.0858
111.35,2.0895
111.37,2.0931
111.39,2.0967
111.4,2.1003
111.42,2.104
111.44,2.1076
111.45,2.1112
111.47,2.1149
111.49,2.1185
111.5,2.1222
111.52,2.1259
111.54,2.1295
111.55,2.1332
111.57,2.1369
111.59,2.1405
111.6,2.1442
111.62,2.1479
111.64,2.1516
111.65,2.1553
111.67,2.159
111.69,2.1627
111.7,2.1664
111.72,2.1701
111.74,2.1739
111.75,2.1776
111.77,2.1813
111.79,2.1851
111.8,2.1888
111.82,2.1925
111.84,2.1963
111.86,2.2001
111.87,2.2038
111.89,2.2076
111.9,2.2113
111.92,2.2151
111.94,2.2189
111.95,2.2227
111.97,2.2265
111.99,2.2303
112.01,2.2341
112.02,2.2379
112.04,2.2417
112.06,2.2455
112.07,2.2493
112.09,2.2532
112.1,2.257
112.12,2.2608
112.14,2.2647
112.16,2.2685
112.17,2.2723
112.19,2.2762
112.21,2.2801
112.22,2.2839
112.24,2.2878
112.26,2.2917
112.27,2.2955
112.29,2.2994
112.31,2.3033
112.32,2.3072
112.34,2.3111
112.36,2.315
112.37,2.3189
112.39,2.3228
112.4,2.3267
112.42,2.3307
112.44,2.3346
112.46,2.3385
112.47,2.3425
112.49,2.3464
112.51,2.3504
112.52,2.3543
112.54,2.3583
112.56,2.3622
112.57,2.3662
112.59,2.3702
112.61,2.3742
112.62,2.3781
112.64,2.3821
112.66,2.3861
112.67,2.3901
112.69,2.3941
112.71,2.3981
112.72,2.4021
112.74,2.4062
112.76,2.4102
112.77,2.4142
112.79,2.4182
112.81,2.4223
112.82,2.4263
112.84,2.4304
112.86,2.4344
112.87,2.4385
112.89,2.4425
112.91,2.4466
112.92,2.4507
112.94,2.4548
112.95,2.4588
112.97,2.4629
112.99,2.467
113.01,2.4711
113.02,2.4752
113.04,2.4793
113.06,2.4835
113.07,2.4876
113.09,2.4917
113.11,2.4958
113.12,2.5
113.14,2.5041
113.16,2.5083
113.17,2.5124
113.19,2.5166
113.21,2.5207
113.22,2.5249
113.24,2.5291
113.26,2.5332
113.27,2.5374
113.29,2.5416
113.31,2.5458
113.32,2.55
113.34,2.5542
113.36,2.5584
113.37,2.5626
113.39,2.5668
113.41,2.571
113.42,2.5753
113.44,2.5795
113.46,2.5837
113.47,2.588
113.49,2.5922
113.51,2.5965
113.52,2.6007
113.54,2.605
113.56,2.6092
113.57,2.6135
113.59,2.6178
113.61,2.6221
113.62,2.6264
113.64,2.6307
113.66,2.635
113.67,2.6393
113.69,2.6436
113.71,2.6479
113.72,2.6522
113.74,2.6565
113.75,2.6609
113.77,2.6652
113.79,2.6695
113.81,2.6739
113.82,2.6782
113.84,2.6826
113.86,2.687
113.87,2.6913
113.89,2.6957
113.91,2.7001
113.92,2.7045
113.94,2.7089
113.96,2.7133
113.97,2.7177
113.99,2.7221
114.01,2.7265
114.02,2.7309
114.04,2.7353
114.06,2.7397
114.07,2.7442
114.09,2.7486
114.11,2.7531
114.12,2.7575
114.14,2.762
114.16,2.7664
114.17,2.7709
114.19,2.7754
114.21,2.7798
114.22,2.7843
114.24,2.7888
114.26,2.7933
114.27,2.7978
114.29,2.8023
114.31,2.8068
114.32,2.8114
114.34,2.8159
114.36,2.8204
114.37,2.8249
114.39,2.8295
114.41,2.834
114.42,2.8386
114.44,2.8432
114.46,2.8477
114.47,2.8523
114.49,2.8569
114.51,2.8614
114.52,2.866
114.54,2.8706
114.56,2.8752
114.57,2.8798
114.59,2.8844
114.61,2.889
114.62,2.8937
114.64,2.8983
114.66,2.9029
114.67,2.9075
114.69,2.9122
114.71,2.9168
114.72,2.9215
114.74,2.9262
114.76,2.9308
114.77,2.9355
114.79,2.9402
114.81,2.9449
114.82,2.9496
114.84,2.9543
114.86,2.959
114.87,2.9637
114.89,2.9684
114.91,2.9731
114.92,2.9778
114.94,2.9826
114.96,2.9873
114.97,2.992
114.99,2.9968
115.01,3.0016
115.03,3.0063
115.04,3.0111
115.06,3.0159
115.07,3.0206
115.09,3.0254
115.11,3.0302
115.12,3.035
115.14,3.0398
115.16,3.0446
115.18,3.0495
115.19,3.0543
115.21,3.0591
115.22,3.0639
115.24,3.0688
115.26,3.0736
115.27,3.0785
115.29,3.0833
115.31,3.0882
115.32,3.0931
115.34,3.098
115.36,3.1028
115.37,3.1077
115.39,3.1126
115.41,3.1175
115.42,3.1224
115.44,3.1273
115.46,3.1323
115.47,3.1372
115.49,3.1421
115.51,3.1471
115.53,3.152
115.54,3.157
115.56,3.1619
115.58,3.1669
115.59,3.1718
115.61,3.1768
115.63,3.1818
115.64,3.1868
115.66,3.1918
115.68,3.1968
115.69,3.2018
115.71,3.2068
115.73,3.2118
115.74,3.2169
115.76,3.2219
115.77,3.2269
115.79,3.232
115.81,3.237
115.82,3.2421
115.84,3.2471
115.86,3.2522
115.88,3.2573
115.89,3.2624
115.91,3.2675
115.93,3.2726
115.94,3.2777
115.96,3.2828
115.98,3.2879
115.99,3.293
116.01,3.2981
116.03,3.3033
116.04,3.3084
116.06,3.3136
116.08,3.3187
116.09,3.3239
116.11,3.329
116.13,3.3342
116.14,3.3394
116.16,3.3446
116.18,3.3498
116.19,3.355
116.21,3.3602
116.23,3.3654
116.24,3.3706
116.26,3.3758
116.28,3.381
116.29,3.3863
116.31,3.3915
116.33,3.3968
116.34,3.402
116.36,3.4073
116.38,3.4125
116.39,3.4178
116.41,3.4231
116.43,3.4284
116.44,3.4337
116.46,3.439
116.48,3.4443
116.49,3.4496
116.51,3.4549
116.53,3.4602
116.54,3.4656
116.56,3.4709
116.58,3.4762
116.59,3.4816
116.61,3.4869
116.63,3.4923
116.64,3.4977
116.66,3.503
116.68,3.5084
116.69,3.5138
116.71,3.5192
116.73,3.5246
116.74,3.53
116.76,3.5354
116.78,3.5409
116.79,3.5463
116.81,3.5517
116.83,3.5572
116.84,3.5626
116.86,3.5681
116.88,3.5735
116.89,3.579
116.91,3.5845
116.93,3.59
116.94,3.5954
116.96,3.6009
116.98,3.6064
116.99,3.6119
117.01,3.6174
117.03,3.623
117.04,3.6285
117.06,3.634
117.08,3.6395
117.09,3.6451
117.11,3.6506
117.13,3.6562
117.14,3.6618
117.16,3.6673
117.18,3.6729
117.19,3.6785
117.21,3.6841
117.23,3.6897
117.24,3.6953
117.26,3.7009
117.28,3.7065
117.29,3.7121
117.31,3.7178
117.33,3.7234
117.34,3.7291
117.36,3.7347
117.38,3.7404
117.39,3.746
117.41,3.7517
117.43,3.7574
117.44,3.763
117.46,3.7687
117.48,3.7744
117.49,3.7801
117.51,3.7858
117.53,3.7915
117.54,3.7973
117.56,3.803
117.58,3.8087
117.59,3.8145
117.61,3.8202
117.63,3.8259
117.64,3.8317
117.66,3.8375
117.68,3.8432
117.69,3.849
117.71,3.8548
117.73,3.8606
117.74,3.8664
117.76,3.8722
117.78,3.878
117.79,3.8838
117.81,3.8897
117.83,3.8955
117.84,3.9013
117.86,3.9072
117.88,3.913
117.89,3.9189
117.91,3.9247
117.93,3.9306
117.94,3.9365
117.96,3.9424
117.98,3.9483
117.99,3.9542
118.01,3.9601
118.03,3.966
118.05,3.9719
118.06,3.9778
118.08,3.9837
118.09,3.9897
118.11,3.9956
118.13,4.0015
118.14,4.0075
118.16,4.0135
118.18,4.0194
118.19,4.0254
118.21,4.0314
118.23,4.0374
118.24,4.0434
118.26,4.0494
118.28,4.0554
118.29,4.0614
118.31,4.0674
118.33,4.0734
118.34,4.0795
118.36,4.0855
118.38,4.0916
118.4,4.0976
118.41,4.1037
118.43,4.1097
118.44,4.1158
118.46,4.1219
118.48,4.128
118.49,4.1341
118.51,4.1402
118.53,4.1463
118.54,4.1524
118.56,4.1586
118.58,4.1647
118.59,4.1708
118.61,4.177
118.63,4.1831
118.64,4.1893
118.66,4.1955
118.68,4.2016
118.7,4.2078
118.71,4.214
118.73,4.2202
118.75,4.2264
118.76,4.2326
118.78,4.2388
118.79,4.2451
118.81,4.2513
118.83,4.2575
118.85,4.2638
118.86,4.27
118.88,4.2763
118.89,4.2826
118.91,4.2888
118.93,4.2951
118.94,4.3014
118.96,4.3077
118.98,4.314
119,4.3203
119.01,4.3266
119.03,4.3329
119.04,4.3393
119.06,4.3456
119.08,4.3519
119.1,4.3583
119.11,4.3646
119.13,4.371
119.15,4.3774
119.16,4.3838
119.18,4.3902
119.19,4.3966
119.21,4.403
119.23,4.4094
119.24,4.4158
119.26,4.4222
119.28,4.4286
119.3,4.4351
119.31,4.4415
119.33,4.448
119.35,4.4544
119.36,4.4609
119.38,4.4674
119.4,4.4738
119.41,4.4803
119.43,4.4868
119.45,4.4933
119.46,4.4998
119.48,4.5063
119.5,4.5128
119.51,4.5194
119.53,4.5259
119.55,4.5324
119.56,4.539
119.58,4.5455
119.6,4.5521
119.61,4.5587
119.63,4.5653
119.65,4.5718
119.66,4.5784
119.68,4.585
119.7,4.5917
119.71,4.5983
119.73,4.6049
119.75,4.6115
119.76,4.6182
119.78,4.6248
119.8,4.6315
119.81,4.6381
119.83,4.6448
119.85,4.6514
119.86,4.6581
119.88,4.6648
119.9,4.6715
119.91,4.6782
119.93,4.6849
119.95,4.6916
119.96,4.6983
119.98,4.7051
120,4.7118
120.01,4.7186
120.03,4.7253
120.05,4.7321
120.06,4.7388
120.08,4.7456
120.1,4.7524
120.12,4.7592
120.13,4.766
120.15,4.7728
120.16,4.7796
120.18,4.7864
120.2,4.7932
120.21,4.8001
120.23,4.8069
120.25,4.8137
120.26,4.8206
120.28,4.8275
120.3,4.8343
120.31,4.8412
120.33,4.8481
120.35,4.855
120.36,4.8619
120.38,4.8688
120.4,4.8757
120.41,4.8826
120.43,4.8895
120.45,4.8965
120.46,4.9034
120.48,4.9103
120.5,4.9173
120.51,4.9243
120.53,4.9312
120.55,4.9382
120.56,4.9452
120.58,4.9522
120.6,4.9592
120.61,4.9662
120.63,4.9732
120.65,4.9802
120.66,4.9872
120.68,4.9942
120.7,5.0013
120.71,5.0083
120.73,5.0154
120.75,5.0224
120.76,5.0295
120.78,5.0365
120.8,5.0436
120.81,5.0507
120.83,5.0578
120.85,5.0649
120.86,5.072
120.88,5.0791
120.9,5.0862
120.91,5.0933
120.93,5.1005
120.95,5.1076
120.96,5.1148
120.98,5.1219
121,5.1291
121.02,5.1362
121.03,5.1434
121.05,5.1506
121.07,5.1578
121.08,5.165
121.1,5.1722
121.11,5.1794
121.13,5.1866
121.15,5.1938
121.16,5.2011
121.18,5.2083
121.2,5.2156
121.22,5.2228
121.23,5.2301
121.25,5.2373
121.27,5.2446
121.28,5.2519
121.3,5.2592
121.31,5.2665
121.33,5.2738
121.35,5.2811
121.37,5.2884
121.38,5.2957
121.4,5.3031
121.42,5.3104
121.43,5.3177
121.45,5.3251
121.47,5.3325
121.48,5.3398
121.5,5.3472
121.52,5.3546
121.53,5.362
121.55,5.3694
121.57,5.3768
121.58,5.3842
121.6,5.3916
121.62,5.399
121.63,5.4064
121.65,5.4139
121.67,5.4213
121.68,5.4288
121.7,5.4362
121.72,5.4437
121.73,5.4512
121.75,5.4586
121.77,5.4661
121.78,5.4736
121.8,5.4811
121.82,5.4886
121.83,5.4961
121.85,5.5036
121.87,5.5112
121.88,5.5187
121.9,5.5263
121.92,5.5338
121.93,5.5414
121.95,5.5489
121.97,5.5565
121.98,5.5641
122,5.5717
122.02,5.5793
122.03,5.5869
122.05,5.5945
122.07,5.6021
122.08,5.6097
122.1,5.6173
122.12,5.6249
122.13,5.6326
122.15,5.6402
122.17,5.6479
122.18,5.6555
122.2,5.6632
122.22,5.6709
122.23,5.6786
122.25,5.6862
122.27,5.6939
122.28,5.7016
122.3,5.7093
122.32,5.7171
122.33,5.7248
122.35,5.7325
122.37,5.7402
122.38,5.748
122.4,5.7557
122.42,5.7635
122.43,5.7712
122.45,5.779
122.47,5.7868
122.48,5.7945
122.5,5.8023
122.52,5.8101
122.53,5.8179
122.55,5.8257
122.57,5.8335
122.58,5.8414
122.6,5.8492
122.62,5.857
122.63,5.8649
122.65,5.8727
122.67,5.8806
122.68,5.8884
122.7,5.8963
122.72,5.9042
122.73,5.9121
122.75,5.92
122.77,5.9279
122.78,5.9358
122.8,5.9437
122.82,5.9516
122.83,5.9595
122.85,5.9674
122.87,5.9754
122.88,5.9833
122.9,5.9913
122.92,5.9992
122.93,6.0072
122.95,6.0151
122.97,6.0231
122.98,6.0311
123,6.0391
123.02,6.047
123.03,6.055
123.05,6.063
123.07,6.0711
123.08,6.0791
123.1,6.0871
123.12,6.0951
123.13,6.1031
123.15,6.1112
123.17,6.1192
123.18,6.1273
123.2,6.1353
123.22,6.1434
123.23,6.1515
123.25,6.1595
123.27,6.1676
123.28,6.1757
123.3,6.1838
123.32,6.1919
123.33,6.2
123.35,6.2081
123.37,6.2162
123.38,6.2243
123.4,6.2325
123.42,6.2406
123.43,6.2487
123.45,6.2569
123.47,6.265
123.48,6.2732
123.5,6.2813
123.52,6.2895
123.53,6.2977
123.55,6.3059
123.57,6.3141
123.58,6.3222
123.6,6.3304
123.62,6.3386
123.63,6.3469
123.65,6.3551
123.67,6.3633
123.68,6.3715
123.7,6.3797
123.72,6.388
123.73,6.3962
123.75,6.4045
123.77,6.4127
123.78,6.421
123.8,6.4292
123.82,6.4375
123.83,6.4458
123.85,6.4541
123.87,6.4623
123.88,6.4706
123.9,6.4789
123.92,6.4872
123.93,6.4955
123.95,6.5039
123.97,6.5122
123.98,6.5205
124,6.5288
124.02,6.5372
124.03,6.5455
124.05,6.5539
124.07,6.5622
124.08,6.5706
124.1,6.5789
124.12,6.5873
124.13,6.5957
124.15,6.6041
124.17,6.6124
124.18,6.6208
124.2,6.6292
124.22,6.6376
124.23,6.646
124.25,6.6544
124.27,6.6629
124.28,6.6713
124.3,6.6797
124.32,6.6881
124.33,6.6966
124.35,6.705
124.37,6.7134
124.38,6.7219
124.4,6.7304
124.42,6.7388
124.43,6.7473
124.45,6.7557
124.47,6.7642
124.48,6.7727
124.5,6.7812
124.52,6.7897
124.53,6.7982
124.55,6.8067
124.57,6.8152
124.58,6.8237
124.6,6.8322
124.62,6.8407
124.63,6.8492
124.65,6.8577
124.67,6.8663
124.68,6.8748
124.7,6.8833
124.72,6.8919
124.73,6.9004
124.75,6.909
124.77,6.9175
124.78,6.9261
124.8,6.9347
124.82,6.9433
124.83,6.9518
124.85,6.9604
124.87,6.969
124.89,6.9776
124.9,6.9862
124.92,6.9948
124.94,7.0034
124.95,7.012
124.97,7.0206
124.98,7.0292
125,7.0379
125.02,7.0465
125.03,7.0551
125.05,7.0637
125.07,7.0724
125.08,7.081
125.1,7.0897
125.12,7.0983
125.14,7.107
125.15,7.1156
125.17,7.1243
125.18,7.133
125.2,7.1416
125.22,7.1503
125.23,7.159
125.25,7.1677
125.27,7.1764
125.28,7.185
125.3,7.1937
125.32,7.2024
125.33,7.2111
125.35,7.2198
125.37,7.2285
125.39,7.2373
125.4,7.246
125.42,7.2547
125.43,7.2634
125.45,7.2721
125.47,7.2808
125.48,7.2896
125.5,7.2983
125.52,7.307
125.54,7.3158
125.55,7.3245
125.57,7.3333
125.59,7.342
125.6,7.3508
125.62,7.3595
125.63,7.3683
125.65,7.3771
125.67,7.3858
125.68,7.3946
125.7,7.4034
125.72,7.4122
125.73,7.4209
125.75,7.4297
125.77,7.4385
125.78,7.4473
125.8,7.4561
125.82,7.4649
125.84,7.4737
125.85,7.4825
125.87,7.4913
125.88,7.5001
125.9,7.5089
125.92,7.5177
125.93,7.5265
125.95,7.5353
125.97,7.5441
125.98,7.5529
126,7.5618
126.02,7.5706
126.03,7.5794
126.05,7.5882
126.07,7.5971
126.08,7.6059
126.1,7.6147
126.12,7.6236
126.14,7.6324
126.15,7.6413
126.17,7.6501
126.19,7.659
126.2,7.6678
126.22,7.6767
126.23,7.6855
126.25,7.6944
126.27,7.7032
126.29,7.7121
126.3,7.721
126.32,7.7298
126.33,7.7387
126.35,7.7476
126.37,7.7564
126.39,7.7653
126.4,7.7742
126.42,7.783
126.43,7.7919
126.45,7.8008
126.47,7.8097
126.48,7.8186
126.5,7.8274
126.52,7.8363
126.54,7.8452
126.55,7.8541
126.57,7.863
126.58,7.8719
126.6,7.8808
126.62,7.8897
126.64,7.8986
126.65,7.9075
126.67,7.9164
126.69,7.9253
126.7,7.9342
126.72,7.9431
126.74,7.952
126.75,7.9609
126.77,7.9698
126.78,7.9787
126.8,7.9876
126.82,7.9965
126.84,8.0054
126.85,8.0144
126.87,8.0233
126.88,8.0322
126.9,8.0411
126.92,8.05
126.94,8.0589
126.95,8.0678
126.97,8.0768
126.99,8.0857
127,8.0946
127.02,8.1035
127.03,8.1124
127.05,8.1214
127.07,8.1303
127.08,8.1392
127.1,8.1481
127.12,8.157
127.14,8.166
127.15,8.1749
127.17,8.1838
127.18,8.1928
127.2,8.2017
127.22,8.2106
127.23,8.2195
127.25,8.2285
127.27,8.2374
127.28,8.2463
127.3,8.2553
127.32,8.2642
127.34,8.2731
127.35,8.2821
127.37,8.291
127.39,8.2999
127.4,8.3088
127.42,8.3178
127.44,8.3267
127.45,8.3356
127.47,8.3445
127.49,8.3535
127.5,8.3624
127.52,8.3713
127.53,8.3802
127.55,8.3892
127.57,8.3981
127.59,8.407
127.6,8.4159
127.62,8.4249
127.64,8.4338
127.65,8.4427
127.67,8.4516
127.69,8.4606
127.7,8.4695
127.72,8.4784
127.74,8.4873
127.75,8.4963
127.77,8.5052
127.79,8.5141
127.8,8.523
127.82,8.5319
127.84,8.5408
127.85,8.5498
127.87,8.5587
127.89,8.5676
127.9,8.5765
127.92,8.5854
127.94,8.5943
127.95,8.6032
127.97,8.6121
127.99,8.621
128,8.6299
128.02,8.6388
128.04,8.6477
128.05,8.6566
128.07,8.6655
128.09,8.6744
128.1,8.6833
128.12,8.6922
128.14,8.7011
128.15,8.71
128.17,8.7189
128.19,8.7278
128.2,8.7366
128.22,8.7455
128.24,8.7544
128.25,8.7633
128.27,8.7722
128.29,8.781
128.3,8.7899
128.32,8.7988
128.34,8.8076
128.35,8.8165
128.37,8.8253
128.39,8.8342
128.4,8.8431
128.42,8.8519
128.44,8.8608
128.45,8.8696
128.47,8.8785
128.49,8.8873
128.5,8.8962
128.52,8.905
128.54,8.9138
128.55,8.9227
128.57,8.9315
128.59,8.9403
128.6,8.9491
128.62,8.958
128.64,8.9668
128.65,8.9756
128.67,8.9844
128.69,8.9932
128.7,9.0021
128.72,9.0109
128.74,9.0197
128.75,9.0285
128.77,9.0373
128.79,9.0461
128.8,9.0549
128.82,9.0636
128.84,9.0724
128.85,9.0812
128.87,9.09
128.89,9.0988
128.9,9.1075
128.92,9.1163
128.94,9.1251
128.95,9.1339
128.97,9.1426
128.99,9.1514
129,9.1601
129.02,9.1689
129.04,9.1776
129.05,9.1864
129.07,9.1951
129.09,9.2039
129.1,9.2126
129.12,9.2213
129.14,9.23
129.15,9.2388
129.17,9.2475
129.19,9.2562
129.2,9.2649
129.22,9.2736
129.24,9.2823
129.25,9.291
129.27,9.2997
129.29,9.3084
129.3,9.3171
129.32,9.3258
129.34,9.3345
129.35,9.3431
129.37,9.3518
129.39,9.3605
129.4,9.3691
129.42,9.3778
129.44,9.3864
129.45,9.3951
129.47,9.4037
129.49,9.4124
129.5,9.421
129.52,9.4296
129.54,9.4383
129.55,9.4469
129.57,9.4555
129.59,9.4641
129.6,9.4727
129.62,9.4813
129.64,9.4899
129.65,9.4985
129.67,9.5071
129.69,9.5157
129.7,9.5243
129.72,9.5329
129.74,9.5414
129.75,9.55
129.77,9.5586
129.79,9.5671
129.8,9.5757
129.82,9.5842
129.83,9.5928
129.85,9.6013
129.87,9.6099
129.88,9.6184
129.9,9.6269
129.92,9.6355
129.94,9.644
129.95,9.6525
129.97,9.661
129.98,9.6695
130,9.678
130.02,9.6865
130.03,9.695
130.05,9.7035
130.07,9.712
130.09,9.7205
130.1,9.7289
130.12,9.7374
130.13,9.7459
130.15,9.7543
130.17,9.7628
130.18,9.7712
130.2,9.7797
130.22,9.7881
130.24,9.7966
130.25,9.805
130.27,9.8134
130.28,9.8218
130.3,9.8302
130.32,9.8387
130.33,9.8471
130.35,9.8555
130.37,9.8639
130.38,9.8722
130.4,9.8806
130.42,9.889
130.43,9.8974
130.45,9.9058
130.47,9.9141
130.49,9.9225
130.5,9.9308
130.52,9.9392
130.53,9.9475
130.55,9.9559
130.57,9.9642
130.58,9.9725
130.6,9.9808
130.62,9.9891
130.64,9.9975
130.65,10.006
130.67,10.014
130.69,10.022
130.7,10.031
130.72,10.039
130.74,10.047
130.75,10.055
130.77,10.064
130.78,10.072
130.8,10.08
130.82,10.088
130.84,10.097
130.85,10.105
130.87,10.113
130.89,10.121
130.9,10.13
130.92,10.138
130.94,10.146
130.95,10.154
130.97,10.162
130.99,10.171
131,10.179
131.02,10.187
131.04,10.195
131.05,10.203
131.07,10.211
131.09,10.22
131.1,10.228
131.12,10.236
131.14,10.244
131.15,10.252
131.17,10.26
131.19,10.268
131.2,10.276
131.22,10.285
131.24,10.293
131.25,10.301
131.27,10.309
131.29,10.317
131.3,10.325
131.32,10.333
131.34,10.341
131.35,10.349
131.37,10.357
131.39,10.365
131.4,10.373
131.42,10.381
131.44,10.389
131.45,10.397
131.47,10.405
131.49,10.413
131.5,10.421
131.52,10.429
131.53,10.437
131.55,10.445
131.57,10.453
131.59,10.461
131.6,10.469
131.62,10.477
131.64,10.485
131.65,10.493
131.67,10.501
131.69,10.509
131.7,10.517
131.72,10.525
131.74,10.532
131.75,10.54
131.77,10.548
131.79,10.556
131.8,10.564
131.82,10.572
131.83,10.58
131.85,10.587
131.87,10.595
131.88,10.603
131.9,10.611
131.92,10.619
131.93,10.627
131.95,10.634
131.97,10.642
131.98,10.65
132,10.658
132.02,10.665
132.04,10.673
132.05,10.681
132.07,10.689
132.09,10.697
132.1,10.704
132.12,10.712
132.14,10.72
132.15,10.727
132.17,10.735
132.19,10.743
132.2,10.75
132.22,10.758
132.24,10.766
132.25,10.774
132.27,10.781
132.29,10.789
132.3,10.796
132.32,10.804
132.33,10.812
132.35,10.819
132.37,10.827
132.39,10.835
132.4,10.842
132.42,10.85
132.43,10.857
132.45,10.865
132.47,10.873
132.49,10.88
132.5,10.888
132.52,10.895
132.54,10.903
132.55,10.91
132.57,10.918
132.59,10.925
132.6,10.933
132.62,10.94
132.64,10.948
132.65,10.955
132.67,10.963
132.69,10.97
132.7,10.978
132.72,10.985
132.74,10.993
132.75,11
132.77,11.008
132.79,11.015
132.8,11.023
132.82,11.03
132.84,11.037
132.85,11.045
132.87,11.052
132.89,11.06
132.9,11.067
132.92,11.074
132.94,11.082
132.95,11.089
132.97,11.096
132.99,11.104
133,11.111
133.02,11.119
133.04,11.126
133.05,11.133
133.07,11.14
133.09,11.148
133.1,11.155
133.12,11.162
133.14,11.17
133.15,11.177
133.17,11.184
133.19,11.191
133.2,11.199
133.22,11.206
133.24,11.213
133.25,11.22
133.27,11.228
133.29,11.235
133.3,11.242
133.32,11.249
133.34,11.256
133.35,11.263
133.37,11.271
133.39,11.278
133.4,11.285
133.42,11.292
133.44,11.299
133.45,11.306
133.47,11.313
133.49,11.321
133.5,11.328
133.52,11.335
133.54,11.342
133.55,11.349
133.57,11.356
133.59,11.363
133.6,11.37
133.62,11.377
133.64,11.384
133.65,11.391
133.67,11.398
133.69,11.405
133.7,11.412
133.72,11.419
133.74,11.426
133.75,11.433
133.77,11.44
133.79,11.447
133.8,11.454
133.82,11.461
133.84,11.468
133.85,11.475
133.87,11.482
133.89,11.489
133.9,11.496
133.92,11.503
133.94,11.51
133.95,11.517
133.97,11.524
133.99,11.53
134,11.537
134.02,11.544
134.04,11.551
134.05,11.558
134.07,11.565
134.09,11.572
134.1,11.578
134.12,11.585
134.14,11.592
134.15,11.599
134.17,11.606
134.19,11.612
134.2,11.619
134.22,11.626
134.24,11.633
134.25,11.64
134.27,11.646
134.29,11.653
134.3,11.66
134.32,11.666
134.34,11.673
134.35,11.68
134.37,11.687
134.39,11.693
134.4,11.7
134.42,11.707
134.44,11.713
134.45,11.72
134.47,11.727
134.49,11.733
134.5,11.74
134.52,11.747
134.54,11.753
134.55,11.76
134.57,11.767
134.58,11.773
134.6,11.78
134.62,11.786
134.64,11.793
134.65,11.799
134.67,11.806
134.69,11.813
134.7,11.819
134.72,11.826
134.74,11.832
134.75,11.839
134.77,11.845
134.79,11.852
134.8,11.858
134.82,11.865
134.84,11.871
134.85,11.878
134.87,11.884
134.89,11.891
134.9,11.897
134.92,11.904
134.94,11.91
134.95,11.916
134.97,11.923
134.99,11.929
135,11.936
135.02,11.942
135.04,11.948
135.05,11.955
135.07,11.961
135.09,11.968
135.1,11.974
135.12,11.98
135.14,11.987
135.15,11.993
135.17,11.999
135.19,12.006
135.2,12.012
135.22,12.018
135.24,12.025
135.25,12.031
135.27,12.037
135.29,12.043
135.3,12.05
135.32,12.056
135.34,12.062
135.35,12.069
135.37,12.075
135.39,12.081
135.4,12.087
135.42,12.093
135.44,12.1
135.45,12.106
135.47,12.112
135.49,12.118
135.5,12.124
135.52,12.131
135.54,12.137
135.55,12.143
135.57,12.149
135.59,12.155
135.6,12.161
135.62,12.168
135.64,12.174
135.65,12.18
135.67,12.186
135.69,12.192
135.7,12.198
135.72,12.204
135.74,12.21
135.75,12.216
135.77,12.222
135.79,12.228
135.8,12.235
135.82,12.241
135.84,12.247
135.85,12.253
135.87,12.259
135.89,12.265
135.9,12.271
135.92,12.277
135.94,12.283
135.95,12.289
135.97,12.295
135.99,12.301
136,12.307
136.02,12.312
136.04,12.318
136.05,12.324
136.07,12.33
136.09,12.336
136.1,12.342
136.12,12.348
136.14,12.354
136.15,12.36
136.17,12.366
136.19,12.372
136.2,12.377
136.22,12.383
136.24,12.389
136.25,12.395
136.27,12.401
136.29,12.407
136.3,12.413
136.32,12.418
136.34,12.424
136.35,12.43
136.37,12.436
136.39,12.442
136.4,12.447
136.42,12.453
136.44,12.459
136.45,12.465
136.47,12.47
136.49,12.476
136.5,12.482
136.52,12.488
136.54,12.493
136.55,12.499
136.57,12.505
136.59,12.51
136.6,12.516
136.62,12.522
136.64,12.527
136.65,12.533
136.67,12.539
136.69,12.544
136.7,12.55
136.72,12.556
136.74,12.561
136.75,12.567
136.77,12.573
136.79,12.578
136.8,12.584
136.82,12.589
136.84,12.595
136.85,12.601
136.87,12.606
136.89,12.612
136.9,12.617
136.92,12.623
136.94,12.628
136.95,12.634
136.97,12.639
136.99,12.645
137,12.65
137.02,12.656
137.04,12.661
137.05,12.667
137.07,12.672
137.09,12.678
137.1,12.683
137.12,12.689
137.14,12.694
137.15,12.7
137.17,12.705
137.19,12.711
137.2,12.716
137.22,12.722
137.24,12.727
137.25,12.732
137.27,12.738
137.29,12.743
137.3,12.749
137.32,12.754
137.34,12.759
137.35,12.765
137.37,12.77
137.39,12.775
137.4,12.781
137.42,12.786
137.44,12.791
137.45,12.797
137.47,12.802
137.49,12.807
137.5,12.813
137.52,12.818
137.54,12.823
137.55,12.829
137.57,12.834
137.59,12.839
137.6,12.844
137.62,12.85
137.64,12.855
137.65,12.86
137.67,12.865
137.69,12.871
137.7,12.876
137.72,12.881
137.74,12.886
137.75,12.892
137.77,12.897
137.79,12.902
137.8,12.907
137.82,12.912
137.84,12.917
137.85,12.923
137.87,12.928
137.89,12.933
137.9,12.938
137.92,12.943
137.94,12.948
137.95,12.953
137.97,12.959
137.99,12.964
138,12.969
138.02,12.974
138.04,12.979
138.05,12.984
138.07,12.989
138.09,12.994
138.1,12.999
138.12,13.004
138.14,13.009
138.15,13.014
138.17,13.019
138.19,13.024
138.2,13.029
138.22,13.034
138.24,13.039
138.25,13.044
138.27,13.049
138.29,13.054
138.3,13.059
138.32,13.064
138.34,13.069
138.35,13.074
138.37,13.079
138.39,13.084
138.4,13.089
138.42,13.094
138.44,13.099
138.45,13.104
138.47,13.109
138.49,13.114
138.5,13.119
138.52,13.124
138.54,13.128
138.55,13.133
138.57,13.138
138.59,13.143
138.6,13.148
138.62,13.153
138.64,13.158
138.65,13.162
138.67,13.167
138.69,13.172
138.7,13.177
138.72,13.182
138.74,13.186
138.75,13.191
138.77,13.196
138.79,13.201
138.8,13.206
138.82,13.21
138.84,13.215
138.85,13.22
138.87,13.225
138.89,13.229
138.9,13.234
138.92,13.239
138.94,13.244
138.95,13.248
138.97,13.253
138.99,13.258
139,13.262
139.02,13.267
139.04,13.272
139.05,13.277
139.07,13.281
139.09,13.286
139.1,13.291
139.12,13.295
139.14,13.3
139.15,13.304
139.17,13.309
139.18,13.314
139.2,13.318
139.22,13.323
139.24,13.328
139.25,13.332
139.27,13.337
139.29,13.341
139.3,13.346
139.32,13.351
139.34,13.355
139.35,13.36
139.37,13.364
139.39,13.369
139.4,13.373
139.42,13.378
139.44,13.382
139.45,13.387
139.47,13.391
139.49,13.396
139.5,13.401
139.52,13.405
139.54,13.41
139.55,13.414
139.57,13.419
139.59,13.423
139.6,13.427
139.62,13.432
139.64,13.436
139.65,13.441
139.67,13.445
139.69,13.45
139.7,13.454
139.72,13.459
139.74,13.463
139.75,13.468
139.77,13.472
139.79,13.476
139.8,13.481
139.82,13.485
139.84,13.49
139.85,13.494
139.87,13.498
139.89,13.503
139.9,13.507
139.92,13.511
139.94,13.516
139.95,13.52
139.97,13.525
139.99,13.529
140,13.533
140.02,13.538
140.04,13.542
140.05,13.546
140.07,13.55
140.09,13.555
140.1,13.559
140.12,13.563
140.14,13.568
140.15,13.572
140.17,13.576
140.19,13.58
140.2,13.585
140.22,13.589
140.24,13.593
140.25,13.597
140.27,13.602
140.29,13.606
140.3,13.61
140.32,13.614
140.34,13.619
140.35,13.623
140.37,13.627
140.39,13.631
140.4,13.635
140.42,13.64
140.44,13.644
140.45,13.648
140.47,13.652
140.49,13.656
140.5,13.66
140.52,13.665
140.54,13.669
140.55,13.673
140.57,13.677
140.59,13.681
140.6,13.685
140.62,13.689
140.64,13.694
140.65,13.698
140.67,13.702
140.69,13.706
140.7,13.71
140.72,13.714
140.74,13.718
140.75,13.722
140.77,13.726
140.79,13.73
140.8,13.734
140.82,13.738
140.84,13.742
140.85,13.747
140.87,13.751
140.89,13.755
140.9,13.759
140.92,13.763
140.94,13.767
140.95,13.771
140.97,13.775
140.99,13.779
141,13.783
141.02,13.787
141.04,13.791
141.05,13.795
141.07,13.799
141.09,13.803
141.1,13.806
141.12,13.81
141.14,13.814
141.15,13.818
141.17,13.822
141.19,13.826
141.2,13.83
141.22,13.834
141.24,13.838
141.25,13.842
141.27,13.846
141.29,13.85
141.3,13.854
141.32,13.857
141.34,13.861
141.35,13.865
141.37,13.869
141.39,13.873
141.4,13.877
141.42,13.881
141.44,13.884
141.45,13.888
141.47,13.892
141.49,13.896
141.5,13.9
141.52,13.904
141.54,13.907
141.55,13.911
141.57,13.915
141.59,13.919
141.6,13.923
141.62,13.927
141.64,13.93
141.65,13.934
141.67,13.938
141.69,13.942
141.7,13.945
141.72,13.949
141.74,13.953
141.75,13.957
141.77,13.961
141.79,13.964
141.8,13.968
141.82,13.972
141.84,13.975
141.85,13.979
141.87,13.983
141.89,13.987
141.9,13.99
141.92,13.994
141.94,13.998
141.95,14.001
141.97,14.005
141.99,14.009
142,14.012
142.02,14.016
142.04,14.02
142.05,14.024
142.07,14.027
142.09,14.031
142.1,14.034
142.12,14.038
142.14,14.042
142.15,14.045
142.17,14.049
142.19,14.053
142.2,14.056
142.22,14.06
142.24,14.064
142.25,14.067
142.27,14.071
142.29,14.074
142.3,14.078
142.32,14.081
142.34,14.085
142.35,14.089
142.37,14.092
142.39,14.096
142.4,14.099
142.42,14.103
142.44,14.106
142.45,14.11
142.47,14.114
142.49,14.117
142.5,14.121
142.52,14.124
142.54,14.128
142.55,14.131
142.57,14.135
142.59,14.138
142.6,14.142
142.62,14.145
142.64,14.149
142.65,14.152
142.67,14.156
142.69,14.159
142.7,14.163
142.72,14.166
142.74,14.169
142.75,14.173
142.77,14.176
142.79,14.18
142.8,14.183
142.82,14.187
142.84,14.19
142.85,14.194
142.87,14.197
142.89,14.2
142.9,14.204
142.92,14.207
142.94,14.211
142.95,14.214
142.97,14.217
142.99,14.221
143,14.224
143.02,14.228
143.04,14.231
143.05,14.234
143.07,14.238
143.09,14.241
143.11,14.244
143.12,14.248
143.14,14.251
143.15,14.254
143.17,14.258
143.19,14.261
143.2,14.264
143.22,14.268
143.24,14.271
143.25,14.274
143.27,14.278
143.29,14.281
143.3,14.284
143.32,14.288
143.34,14.291
143.35,14.294
143.37,14.297
143.39,14.301
143.4,14.304
143.42,14.307
143.44,14.311
143.45,14.314
143.47,14.317
143.49,14.32
143.5,14.324
143.52,14.327
143.54,14.33
143.55,14.333
143.57,14.336
143.59,14.34
143.6,14.343
143.62,14.346
143.64,14.349
143.65,14.353
143.67,14.356
143.69,14.359
143.7,14.362
143.72,14.365
143.74,14.368
143.75,14.372
143.77,14.375
143.79,14.378
143.8,14.381
143.82,14.384
143.84,14.387
143.85,14.391
143.87,14.394
143.89,14.397
143.9,14.4
143.92,14.403
143.94,14.406
143.95,14.409
143.97,14.412
143.99,14.416
144,14.419
144.02,14.422
144.04,14.425
144.06,14.428
144.07,14.431
144.09,14.434
144.11,14.437
144.12,14.44
144.14,14.443
144.16,14.446
144.17,14.45
144.19,14.453
144.2,14.456
144.22,14.459
144.24,14.462
144.25,14.465
144.27,14.468
144.29,14.471
144.3,14.474
144.32,14.477
144.34,14.48
144.35,14.483
144.37,14.486
144.39,14.489
144.41,14.492
144.42,14.495
144.44,14.498
144.45,14.501
144.47,14.504
144.49,14.507
144.5,14.51
144.52,14.513
144.54,14.516
144.55,14.519
144.57,14.522
144.59,14.525
144.6,14.528
144.62,14.531
144.64,14.534
144.65,14.536
144.67,14.539
144.69,14.542
144.7,14.545
144.72,14.548
144.74,14.551
144.76,14.554
144.77,14.557
144.79,14.56
144.81,14.563
144.82,14.566
144.84,14.569
144.85,14.571
144.87,14.574
144.89,14.577
144.91,14.58
144.92,14.583
144.94,14.586
144.95,14.589
144.97,14.592
144.99,14.594
145,14.597
145.02,14.6
145.04,14.603
145.05,14.606
145.07,14.609
145.09,14.611
145.11,14.614
145.12,14.617
145.14,14.62
145.15,14.623
145.17,14.626
145.19,14.628
145.2,14.631
145.22,14.634
145.24,14.637
145.25,14.639
145.27,14.642
145.29,14.645
145.3,14.648
145.32,14.651
145.34,14.653
145.35,14.656
145.37,14.659
145.39,14.662
145.4,14.664
145.42,14.667
145.44,14.67
145.45,14.673
145.47,14.675
145.49,14.678
145.5,14.681
145.52,14.684
145.54,14.686
145.55,14.689
145.57,14.692
145.59,14.694
145.61,14.697
145.62,14.7
145.64,14.702
145.65,14.705
145.67,14.708
145.69,14.711
145.71,14.713
145.72,14.716
145.74,14.719
145.76,14.721
145.77,14.724
145.79,14.727
145.8,14.729
145.82,14.732
145.84,14.734
145.86,14.737
145.87,14.74
145.89,14.742
145.91,14.745
145.92,14.748
145.94,14.75
145.95,14.753
145.97,14.756
145.99,14.758
146.01,14.761
146.02,14.763
146.04,14.766
146.06,14.769
146.07,14.771
146.09,14.774
146.11,14.776
146.12,14.779
146.14,14.782
146.16,14.784
146.17,14.787
146.19,14.789
146.2,14.792
146.22,14.794
146.24,14.797
146.25,14.8
146.27,14.802
146.29,14.805
146.31,14.807
146.32,14.81
146.34,14.812
146.36,14.815
146.37,14.817
146.39,14.82
146.41,14.822
146.42,14.825
146.44,14.827
146.46,14.83
146.47,14.832
146.49,14.835
146.51,14.837
146.52,14.84
146.54,14.842
146.56,14.845
146.57,14.847
146.59,14.85
146.61,14.852
146.62,14.855
146.64,14.857
146.66,14.86
146.67,14.862
146.69,14.865
146.7,14.867
146.72,14.87
146.74,14.872
146.76,14.875
146.77,14.877
146.79,14.88
146.81,14.882
146.82,14.884
146.84,14.887
146.86,14.889
146.87,14.892
146.89,14.894
146.9,14.897
146.92,14.899
146.94,14.901
146.96,14.904
146.97,14.906
146.99,14.909
147,14.911
147.02,14.913
147.04,14.916
147.06,14.918
147.07,14.921
147.09,14.923
147.11,14.925
147.12,14.928
147.14,14.93
147.15,14.932
147.17,14.935
147.19,14.937
147.2,14.939
147.22,14.942
147.24,14.944
147.25,14.947
147.27,14.949
147.29,14.951
147.31,14.954
147.32,14.956
147.34,14.958
147.35,14.961
147.37,14.963
147.39,14.965
147.41,14.967
147.42,14.97
147.44,14.972
147.46,14.974
147.47,14.977
147.49,14.979
147.51,14.981
147.52,14.984
147.54,14.986
147.55,14.988
147.57,14.99
147.59,14.993
147.61,14.995
147.62,14.997
147.64,14.999
147.66,15.002
147.67,15.004
147.69,15.006
147.71,15.008
147.72,15.011
147.74,15.013
147.76,15.015
147.77,15.017
147.79,15.02
147.81,15.022
147.82,15.024
147.84,15.026
147.86,15.029
147.87,15.031
147.89,15.033
147.91,15.035
147.92,15.037
147.94,15.04
147.96,15.042
147.97,15.044
147.99,15.046
148.01,15.048
148.02,15.051
148.04,15.053
148.06,15.055
148.07,15.057
148.09,15.059
148.11,15.062
148.12,15.064
148.14,15.066
148.15,15.068
148.17,15.07
148.19,15.072
148.21,15.074
148.22,15.077
148.24,15.079
148.26,15.081
148.27,15.083
148.29,15.085
148.31,15.087
148.32,15.089
148.34,15.092
148.36,15.094
148.37,15.096
148.39,15.098
148.41,15.1
148.42,15.102
148.44,15.104
148.46,15.106
148.47,15.108
148.49,15.111
148.51,15.113
148.52,15.115
148.54,15.117
148.56,15.119
148.57,15.121
148.59,15.123
148.61,15.125
148.62,15.127
148.64,15.129
148.66,15.131
148.67,15.133
148.69,15.135
148.71,15.138
148.72,15.14
148.74,15.142
148.76,15.144
148.77,15.146
148.79,15.148
148.81,15.15
148.82,15.152
148.84,15.154
148.86,15.156
148.87,15.158
148.89,15.16
148.91,15.162
148.92,15.164
148.94,15.166
148.96,15.168
148.97,15.17
148.99,15.172
149.01,15.174
149.02,15.176
149.04,15.178
149.06,15.18
149.07,15.182
149.09,15.184
149.11,15.186
149.12,15.188
149.14,15.19
149.16,15.192
149.17,15.194
149.19,15.196
149.21,15.198
149.22,15.2
149.24,15.202
149.26,15.204
149.27,15.206
149.29,15.208
149.31,15.209
149.32,15.211
149.34,15.213
149.36,15.215
149.37,15.217
149.39,15.219
149.41,15.221
149.42,15.223
149.44,15.225
149.46,15.227
149.47,15.229
149.49,15.231
149.51,15.233
149.52,15.234
149.54,15.236
149.56,15.238
149.57,15.24
149.59,15.242
149.61,15.244
149.62,15.246
149.64,15.248
149.66,15.25
149.67,15.252
149.69,15.253
149.71,15.255
149.72,15.257
149.74,15.259
149.76,15.261
149.77,15.263
149.79,15.265
149.81,15.267
149.82,15.268
149.84,15.27
149.86,15.272
149.87,15.274
149.89,15.276
149.91,15.278
149.92,15.279
149.94,15.281
149.96,15.283
149.97,15.285
149.99,15.287
150.01,15.289
150.02,15.29
150.04,15.292
150.06,15.294
150.07,15.296
150.09,15.298
150.11,15.3
150.12,15.301
150.14,15.303
150.16,15.305
150.17,15.307
150.19,15.309
150.21,15.31
150.22,15.312
150.24,15.314
150.26,15.316
150.27,15.318
150.29,15.319
150.31,15.321
150.32,15.323
150.34,15.325
150.36,15.326
150.37,15.328
150.39,15.33
150.41,15.332
150.42,15.333
150.44,15.335
150.46,15.337
150.47,15.339
150.49,15.341
150.51,15.342
150.52,15.344
150.54,15.346
150.56,15.347
150.57,15.349
150.59,15.351
150.61,15.353
150.62,15.354
150.64,15.356
150.66,15.358
150.67,15.36
150.69,15.361
150.71,15.363
150.72,15.365
150.74,15.366
150.76,15.368
150.77,15.37
150.79,15.371
150.81,15.373
150.82,15.375
150.84,15.377
150.86,15.378
150.87,15.38
150.89,15.382
150.91,15.383
150.92,15.385
150.94,15.387
150.96,15.388
150.97,15.39
150.99,15.392
151.01,15.393
151.02,15.395
151.04,15.397
151.06,15.398
151.07,15.4
151.09,15.402
151.11,15.403
151.12,15.405
151.14,15.407
151.16,15.408
151.17,15.41
151.19,15.411
151.21,15.413
151.22,15.415
151.24,15.416
151.26,15.418
151.27,15.42
151.29,15.421
151.31,15.423
151.32,15.424
151.34,15.426
151.36,15.428
151.37,15.429
151.39,15.431
151.41,15.432
151.42,15.434
151.44,15.436
151.46,15.437
151.47,15.439
151.49,15.44
151.51,15.442
151.52,15.444
151.54,15.445
151.56,15.447
151.57,15.448
151.59,15.45
151.61,15.451
151.62,15.453
151.64,15.455
151.66,15.456
151.67,15.458
151.69,15.459
151.71,15.461
151.72,15.462
151.74,15.464
151.76,15.465
151.77,15.467
151.79,15.469
151.81,15.47
151.82,15.472
151.84,15.473
151.86,15.475
151.87,15.476
151.89,15.478
151.91,15.479
151.92,15.481
151.94,15.482
151.96,15.484
151.97,15.485
151.99,15.487
152.01,15.488
152.02,15.49
152.04,15.491
152.06,15.493
152.07,15.494
152.09,15.496
152.11,15.497
152.12,15.499
152.14,15.5
152.16,15.502
152.17,15.503
152.19,15.505
152.21,15.506
152.22,15.508
152.24,15.509
152.26,15.511
152.27,15.512
152.29,15.514
152.31,15.515
152.32,15.517
152.34,15.518
152.36,15.52
152.37,15.521
152.39,15.522
152.41,15.524
152.42,15.525
152.44,15.527
152.46,15.528
152.47,15.53
152.49,15.531
152.51,15.533
152.52,15.534
152.54,15.535
152.56,15.537
152.57,15.538
152.59,15.54
152.61,15.541
152.63,15.543
152.64,15.544
152.66,15.545
152.67,15.547
152.69,15.548
152.71,15.55
152.72,15.551
152.74,15.553
152.76,15.554
152.77,15.555
152.79,15.557
152.81,15.558
152.82,15.56
152.84,15.561
152.86,15.562
152.88,15.564
152.89,15.565
152.91,15.566
152.92,15.568
152.94,15.569
152.96,15.571
152.97,15.572
152.99,15.573
153.01,15.575
153.02,15.576
153.04,15.577
153.06,15.579
153.07,15.58
153.09,15.582
153.11,15.583
153.12,15.584
153.14,15.586
153.16,15.587
153.17,15.588
153.19,15.59
153.21,15.591
153.22,15.592
153.24,15.594
153.26,15.595
153.27,15.596
153.29,15.598
153.31,15.599
153.32,15.6
153.34,15.602
153.36,15.603
153.37,15.604
153.39,15.606
153.41,15.607
153.42,15.608
153.44,15.61
153.46,15.611
153.47,15.612
153.49,15.613
153.51,15.615
153.53,15.616
153.54,15.617
153.56,15.619
153.57,15.62
153.59,15.621
153.61,15.623
153.62,15.624
153.64,15.625
153.66,15.626
153.67,15.628
153.69,15.629
153.71,15.63
153.73,15.631
153.74,15.633
153.76,15.634
153.77,15.635
153.79,15.637
153.81,15.638
153.82,15.639
153.84,15.64
153.86,15.642
153.87,15.643
153.89,15.644
153.91,15.645
153.92,15.647
153.94,15.648
153.96,15.649
153.97,15.65
153.99,15.652
154.01,15.653
154.02,15.654
154.04,15.655
154.06,15.656
154.07,15.658
154.09,15.659
154.11,15.66
154.13,15.661
154.14,15.663
154.16,15.664
154.17,15.665
154.19,15.666
154.21,15.667
154.22,15.669
154.24,15.67
154.26,15.671
154.27,15.672
154.29,15.673
154.31,15.675
154.32,15.676
154.34,15.677
154.36,15.678
154.37,15.679
154.39,15.681
154.41,15.682
154.42,15.683
154.44,15.684
154.46,15.685
154.47,15.687
154.49,15.688
154.51,15.689
154.53,15.69
154.54,15.691
154.56,15.692
154.58,15.694
154.59,15.695
154.61,15.696
154.62,15.697
154.64,15.698
154.66,15.699
154.68,15.701
154.69,15.702
154.71,15.703
154.72,15.704
154.74,15.705
154.76,15.706
154.77,15.707
154.79,15.709
154.81,15.71
154.83,15.711
154.84,15.712
154.86,15.713
154.87,15.714
154.89,15.715
154.91,15.716
154.93,15.718
154.94,15.719
154.96,15.72
154.98,15.721
154.99,15.722
155.01,15.723
155.03,15.724
155.04,15.725
155.06,15.727
155.08,15.728
155.09,15.729
155.11,15.73
155.12,15.731
155.14,15.732
155.16,15.733
155.17,15.734
155.19,15.735
155.21,15.736
155.22,15.738
155.24,15.739
155.26,15.74
155.27,15.741
155.29,15.742
155.31,15.743
155.33,15.744
155.34,15.745
155.36,15.746
155.37,15.747
155.39,15.748
155.41,15.749
155.43,15.751
155.44,15.752
155.46,15.753
155.48,15.754
155.49,15.755
155.51,15.756
155.53,15.757
155.54,15.758
155.56,15.759
155.58,15.76
155.59,15.761
155.61,15.762
155.63,15.763
155.64,15.764
155.66,15.765
155.68,15.766
155.69,15.767
155.71,15.768
155.73,15.77
155.74,15.771
155.76,15.772
155.78,15.773
155.79,15.774
155.81,15.775
155.83,15.776
155.84,15.777
155.86,15.778
155.88,15.779
155.89,15.78
155.91,15.781
155.93,15.782
155.94,15.783
155.96,15.784
155.98,15.785
155.99,15.786
156.01,15.787
156.03,15.788
156.04,15.789
156.06,15.79
156.08,15.791
156.09,15.792
156.11,15.793
156.13,15.794
156.14,15.795
156.16,15.796
156.18,15.797
156.19,15.798
156.21,15.799
156.23,15.8
156.24,15.801
156.26,15.802
156.28,15.803
156.29,15.804
156.31,15.805
156.33,15.806
156.34,15.807
156.36,15.808
156.38,15.809
156.39,15.81
156.41,15.81
156.43,15.811
156.44,15.812
156.46,15.813
156.48,15.814
156.49,15.815
156.51,15.816
156.53,15.817
156.54,15.818
156.56,15.819
156.58,15.82
156.59,15.821
156.61,15.822
156.63,15.823
156.64,15.824
156.66,15.825
156.68,15.826
156.69,15.827
156.71,15.828
156.73,15.828
156.74,15.829
156.76,15.83
156.78,15.831
156.79,15.832
156.81,15.833
156.83,15.834
156.84,15.835
156.86,15.836
156.88,15.837
156.89,15.838
156.91,15.839
156.93,15.839
156.94,15.84
156.96,15.841
156.98,15.842
156.99,15.843
157.01,15.844
157.03,15.845
157.04,15.846
157.06,15.847
157.08,15.847
157.09,15.848
157.11,15.849
157.13,15.85
157.14,15.851
157.16,15.852
157.18,15.853
157.19,15.854
157.21,15.854
157.23,15.855
157.24,15.856
157.26,15.857
157.28,15.858
157.29,15.859
157.31,15.86
157.33,15.861
157.34,15.861
157.36,15.862
157.38,15.863
157.39,15.864
157.41,15.865
157.43,15.866
157.44,15.866
157.46,15.867
157.48,15.868
157.49,15.869
157.51,15.87
157.53,15.871
157.54,15.871
157.56,15.872
157.58,15.873
157.59,15.874
157.61,15.875
157.63,15.876
157.64,15.876
157.66,15.877
157.68,15.878
157.69,15.879
157.71,15.88
157.73,15.881
157.74,15.881
157.76,15.882
157.78,15.883
157.79,15.884
157.81,15.885
157.83,15.885
157.84,15.886
157.86,15.887
157.88,15.888
157.89,15.889
157.91,15.889
157.93,15.89
157.94,15.891
157.96,15.892
157.98,15.893
157.99,15.893
158.01,15.894
158.03,15.895
158.04,15.896
158.06,15.897
158.08,15.897
158.09,15.898
158.11,15.899
158.13,15.9
158.14,15.9
158.16,15.901
158.18,15.902
158.19,15.903
158.21,15.904
158.23,15.904
158.24,15.905
158.26,15.906
158.28,15.907
158.29,15.907
158.31,15.908
158.33,15.909
158.34,15.91
158.36,15.91
158.38,15.911
158.39,15.912
158.41,15.913
158.43,15.914
158.44,15.914
158.46,15.915
158.48,15.916
158.49,15.917
158.51,15.917
158.53,15.918
158.54,15.919
158.56,15.919
158.58,15.92
158.59,15.921
158.61,15.922
158.63,15.922
158.64,15.923
158.66,15.924
158.68,15.925
158.69,15.925
158.71,15.926
158.73,15.927
158.74,15.928
158.76,15.928
158.78,15.929
158.79,15.93
158.81,15.93
158.83,15.931
158.84,15.932
158.86,15.933
158.88,15.933
158.89,15.934
158.91,15.935
158.93,15.935
158.94,15.936
158.96,15.937
158.98,15.938
158.99,15.938
159.01,15.939
159.03,15.94
159.04,15.94
159.06,15.941
159.08,15.942
159.09,15.943
159.11,15.943
159.13,15.944
159.14,15.945
159.16,15.945
159.18,15.946
159.19,15.947
159.21,15.947
159.23,15.948
159.24,15.949
159.26,15.949
159.28,15.95
159.29,15.951
159.31,15.951
159.33,15.952
159.34,15.953
159.36,15.953
159.38,15.954
159.39,15.955
159.41,15.955
159.43,15.956
159.44,15.957
159.46,15.957
159.48,15.958
159.49,15.959
159.51,15.959
159.53,15.96
159.54,15.961
159.56,15.961
159.58,15.962
159.59,15.963
159.61,15.963
159.63,15.964
159.64,15.965
159.66,15.965
159.68,15.966
159.69,15.966
159.71,15.967
159.73,15.968
159.74,15.968
159.76,15.969
159.78,15.97
159.79,15.97
159.81,15.971
159.83,15.971
159.84,15.972
159.86,15.973
159.88,15.973
159.89,15.974
159.91,15.975
159.93,15.975
159.94,15.976
159.96,15.976
159.98,15.977
159.99,15.978
160.01,15.978
160.03,15.979
160.04,15.979
160.06,15.98
160.08,15.981
160.09,15.981
160.11,15.982
160.13,15.982
160.14,15.983
160.16,15.984
160.18,15.984
160.19,15.985
160.21,15.985
160.23,15.986
160.24,15.987
160.26,15.987
160.28,15.988
160.29,15.988
160.31,15.989
160.33,15.99
160.34,15.99
160.36,15.991
160.38,15.991
160.4,15.992
160.41,15.992
160.43,15.993
160.44,15.994
160.46,15.994
160.48,15.995
160.49,15.995
160.51,15.996
160.53,15.996
160.54,15.997
160.56,15.998
160.58,15.998
160.59,15.999
160.61,15.999
160.63,16
160.64,16
160.66,16.001
160.68,16.001
160.69,16.002
160.71,16.002
160.73,16.003
160.74,16.004
160.76,16.004
160.78,16.005
160.8,16.005
160.81,16.006
160.83,16.006
160.84,16.007
160.86,16.007
160.88,16.008
160.89,16.008
160.91,16.009
160.93,16.009
160.95,16.01
160.96,16.011
160.98,16.011
161,16.012
161.01,16.012
161.03,16.013
161.04,16.013
161.06,16.014
161.08,16.014
161.1,16.015
161.11,16.015
161.13,16.016
161.14,16.016
161.16,16.017
161.18,16.017
161.19,16.018
161.21,16.018
161.23,16.019
161.25,16.019
161.26,16.02
161.28,16.02
161.3,16.021
161.31,16.021
161.33,16.022
161.34,16.022
161.36,16.023
161.38,16.023
161.4,16.024
161.41,16.024
161.43,16.025
161.44,16.025
161.46,16.026
161.48,16.026
161.49,16.026
161.51,16.027
161.53,16.027
161.54,16.028
161.56,16.028
161.58,16.029
161.59,16.029
161.61,16.03
161.63,16.03
161.64,16.031
161.66,16.031
161.68,16.032
161.69,16.032
161.71,16.033
161.73,16.033
161.74,16.033
161.76,16.034
161.78,16.034
161.79,16.035
161.81,16.035
161.83,16.036
161.84,16.036
161.86,16.037
161.88,16.037
161.89,16.038
161.91,16.038
161.93,16.038
161.94,16.039
161.96,16.039
161.98,16.04
161.99,16.04
162.01,16.041
162.03,16.041
162.04,16.041
162.06,16.042
162.08,16.042
162.09,16.043
162.11,16.043
162.13,16.044
162.14,16.044
162.16,16.044
162.18,16.045
162.19,16.045
162.21,16.046
162.23,16.046
162.24,16.047
162.26,16.047
162.28,16.047
162.3,16.048
162.31,16.048
162.33,16.049
162.34,16.049
162.36,16.049
162.38,16.05
162.39,16.05
162.41,16.051
162.43,16.051
162.44,16.052
162.46,16.052
162.48,16.052
162.5,16.053
162.51,16.053
162.53,16.054
162.54,16.054
162.56,16.054
162.58,16.055
162.6,16.055
162.61,16.056
162.63,16.056
162.65,16.056
162.66,16.057
162.68,16.057
162.7,16.058
162.71,16.058
162.73,16.058
162.74,16.059
162.76,16.059
162.78,16.059
162.79,16.06
162.81,16.06
162.83,16.061
162.84,16.061
162.86,16.061
162.88,16.062
162.9,16.062
162.91,16.062
162.93,16.063
162.94,16.063
162.96,16.064
162.98,16.064
163,16.064
163.01,16.065
163.03,16.065
163.05,16.065
163.06,16.066
163.08,16.066
163.09,16.067
163.11,16.067
163.13,16.067
163.15,16.068
163.16,16.068
163.18,16.068
163.2,16.069
163.21,16.069
163.23,16.069
163.25,16.07
163.26,16.07
163.28,16.07
163.29,16.071
163.31,16.071
163.33,16.071
163.35,16.072
163.36,16.072
163.38,16.072
163.39,16.073
163.41,16.073
163.43,16.073
163.45,16.074
163.46,16.074
163.48,16.074
163.5,16.075
163.51,16.075
163.53,16.075
163.55,16.076
163.56,16.076
163.58,16.076
163.6,16.077
163.61,16.077
163.63,16.077
163.65,16.078
163.66,16.078
163.68,16.078
163.7,16.079
163.71,16.079
163.73,16.079
163.75,16.08
163.76,16.08
163.78,16.08
163.8,16.081
163.81,16.081
163.83,16.081
163.85,16.082
163.86,16.082
163.88,16.082
163.9,16.082
163.91,16.083
163.93,16.083
163.95,16.083
163.96,16.084
163.98,16.084
164,16.084
164.01,16.085
164.03,16.085
164.05,16.085
164.06,16.085
164.08,16.086
164.1,16.086
164.11,16.086
164.13,16.087
164.15,16.087
164.16,16.087
164.18,16.087
164.2,16.088
164.21,16.088
164.23,16.088
164.25,16.089
164.26,16.089
164.28,16.089
164.3,16.089
164.31,16.09
164.33,16.09
164.35,16.09
164.36,16.091
164.38,16.091
164.4,16.091
164.41,16.091
164.43,16.092
164.45,16.092
164.46,16.092
164.48,16.092
164.5,16.093
164.51,16.093
164.53,16.093
164.55,16.094
164.56,16.094
164.58,16.094
164.6,16.094
164.61,16.095
164.63,16.095
164.64,16.095
164.66,16.095
164.68,16.096
164.7,16.096
164.71,16.096
164.73,16.096
164.75,16.097
164.76,16.097
164.78,16.097
164.8,16.097
164.81,16.098
164.83,16.098
164.84,16.098
164.86,16.098
164.88,16.099
164.9,16.099
164.91,16.099
164.93,16.099
164.94,16.1
164.96,16.1
164.98,16.1
165,16.1
165.01,16.1
165.03,16.101
165.05,16.101
165.06,16.101
165.08,16.101
165.1,16.102
165.11,16.102
165.13,16.102
165.15,16.102
165.16,16.103
165.18,16.103
165.2,16.103
165.21,16.103
165.23,16.103
165.25,16.104
165.26,16.104
165.28,16.104
165.3,16.104
165.31,16.105
165.33,16.105
165.35,16.105
165.36,16.105
165.38,16.105
165.4,16.106
165.41,16.106
165.43,16.106
165.45,16.106
165.46,16.107
165.48,16.107
165.5,16.107
165.51,16.107
165.53,16.107
165.55,16.108
165.56,16.108
165.58,16.108
165.6,16.108
165.61,16.109
165.63,16.109
165.65,16.109
165.66,16.109
165.68,16.109
165.7,16.11
165.71,16.11
165.73,16.11
165.75,16.11
165.76,16.11
165.78,16.111
165.8,16.111
165.81,16.111
165.83,16.111
165.85,16.111
165.86,16.112
165.88,16.112
165.9,16.112
165.91,16.112
165.93,16.112
165.95,16.113
165.96,16.113
165.98,16.113
166,16.113
166.01,16.113
166.03,16.114
166.05,16.114
166.06,16.114
166.08,16.114
166.1,16.114
166.11,16.115
166.13,16.115
166.15,16.115
166.16,16.115
166.18,16.115
166.2,16.116
166.21,16.116
166.23,16.116
166.25,16.116
166.26,16.116
166.28,16.117
166.3,16.117
166.31,16.117
166.33,16.117
166.35,16.117
166.36,16.117
166.38,16.118
166.4,16.118
166.41,16.118
166.43,16.118
166.45,16.118
166.46,16.118
166.48,16.119
166.5,16.119
166.51,16.119
166.53,16.119
166.55,16.119
166.56,16.119
166.58,16.12
166.6,16.12
166.61,16.12
166.63,16.12
166.65,16.12
166.66,16.12
166.68,16.121
166.7,16.121
166.71,16.121
166.73,16.121
166.75,16.121
166.76,16.121
166.78,16.122
166.8,16.122
166.81,16.122
166.83,16.122
166.85,16.122
166.86,16.122
166.88,16.122
166.9,16.123
166.91,16.123
166.93,16.123
166.95,16.123
166.96,16.123
166.98,16.123
167,16.124
167.01,16.124
167.03,16.124
167.05,16.124
167.07,16.124
167.08,16.124
167.1,16.124
167.11,16.125
167.13,16.125
167.15,16.125
167.16,16.125
167.18,16.125
167.2,16.125
167.22,16.125
167.23,16.126
167.25,16.126
167.26,16.126
167.28,16.126
167.3,16.126
167.32,16.126
167.33,16.126
167.35,16.127
167.37,16.127
167.38,16.127
167.4,16.127
167.42,16.127
167.43,16.127
167.45,16.127
167.46,16.127
167.48,16.128
167.5,16.128
167.51,16.128
167.53,16.128
167.55,16.128
167.57,16.128
167.58,16.128
167.6,16.128
167.62,16.129
167.63,16.129
167.65,16.129
167.66,16.129
167.68,16.129
167.7,16.129
167.71,16.129
167.73,16.129
167.75,16.129
167.76,16.129
167.78,16.13
167.8,16.13
167.81,16.13
167.83,16.13
167.85,16.13
167.86,16.13
167.88,16.13
167.9,16.13
167.91,16.13
167.93,16.13
167.95,16.131
167.96,16.131
167.98,16.131
168,16.131
168.02,16.131
168.03,16.131
168.05,16.131
168.06,16.131
168.08,16.131
168.1,16.131
168.11,16.131
168.13,16.132
168.15,16.132
168.16,16.132
168.18,16.132
168.2,16.132
168.21,16.132
168.23,16.132
168.25,16.132
168.26,16.132
168.28,16.132
168.3,16.132
168.31,16.132
168.33,16.133
168.35,16.133
168.36,16.133
168.38,16.133
168.4,16.133
168.41,16.133
168.43,16.133
168.45,16.133
168.46,16.133
168.48,16.133
168.5,16.133
168.51,16.133
168.53,16.133
168.55,16.133
168.56,16.134
168.58,16.134
168.6,16.134
168.61,16.134
168.63,16.134
168.65,16.134
168.66,16.134
168.68,16.134
168.7,16.134
168.72,16.134
168.73,16.134
168.75,16.134
168.77,16.134
168.78,16.134
168.8,16.134
168.81,16.134
168.83,16.134
168.85,16.134
168.86,16.135
168.88,16.135
168.9,16.135
168.91,16.135
168.93,16.135
168.95,16.135
168.96,16.135
168.98,16.135
169,16.135
169.01,16.135
169.03,16.135
169.05,16.135
169.06,16.135
169.08,16.135
169.1,16.135
169.11,16.135
169.13,16.135
169.15,16.135
169.17,16.135
169.18,16.135
169.2,16.135
169.22,16.135
169.23,16.136
169.25,16.136
169.27,16.136
169.28,16.136
169.3,16.136
169.31,16.136
169.33,16.136
169.35,16.136
169.36,16.136
169.38,16.136
169.4,16.136
169.41,16.136
169.43,16.136
169.45,16.136
169.47,16.136
169.48,16.136
169.5,16.136
169.52,16.136
169.53,16.136
169.55,16.136
169.57,16.136
169.58,16.136
169.6,16.136
169.62,16.136
169.63,16.136
169.65,16.136
169.67,16.136
169.68,16.136
169.7,16.136
169.72,16.136
169.73,16.136
169.75,16.136
169.76,16.136
169.78,16.136
169.8,16.136
169.82,16.136
169.83,16.136
169.85,16.136
169.87,16.136
169.88,16.136
169.9,16.136
169.91,16.136
169.93,16.136
169.95,16.136
169.96,16.136
169.98,16.136
170,16.136
